id,week,center_id,meal_id,checkout_price,base_price,emailer_for_promotion,homepage_featured,num_orders,Quantity_Prepared,Service_Type,Day_Type,Meal_Time,Customers_Count,Wastage
1000000,3,157,2760,233.83,231.83,0,0,149,158.18,Buffet,Weekday,Lunch,137,11.02
1000001,100,104,2956,486.03,583.03,0,0,161,178.55,Delivery,Weekday,Dinner,147,14.04
1000002,143,75,1971,328.86,327.86,0,0,149,184.38,Dine-in,Weekday,Breakfast,152,35.38
1000003,41,24,2539,145.53,145.53,0,0,540,624.4,Delivery,Weekend,Dinner,581,67.52
1000004,45,83,2539,95.06,120.34,0,0,271,307.95,Delivery,Weekday,Dinner,247,29.56
1000005,101,65,1754,291.03,290.03,0,0,541,674.01,Dine-in,Weekday,Dinner,498,133.01
1000006,107,153,2126,533.53,533.53,0,0,53,58.84,Buffet,Weekday,Dinner,56,7.01
1000007,11,50,1062,160.11,159.11,0,0,432,456.81,Buffet,Weekday,Dinner,439,29.77
1000008,114,57,1962,467.54,639.23,1,1,486,572.68,Dine-in,Weekday,Lunch,528,86.68
1000009,68,36,1216,406.43,408.43,0,0,28,34.86,Delivery,Weekday,Dinner,30,5.49
1000010,10,76,2760,243.53,241.53,0,0,108,121.11,Buffet,Weekday,Dinner,116,15.73
1000011,18,104,2867,618.86,619.86,0,0,53,55.95,Dine-in,Weekday,Dinner,57,2.95
1000012,33,36,2494,256.08,243.5,0,1,94,116.32,Dine-in,Weekday,Lunch,88,22.32
1000013,140,88,1571,485.03,631.53,0,0,81,90.91,Buffet,Weekend,Dinner,83,11.89
1000014,105,81,2139,290.03,290.03,0,0,55,63.14,Dine-in,Weekend,Dinner,53,8.14
1000015,112,43,2290,286.15,288.15,0,0,1863,2225.71,Buffet,Weekend,Lunch,1825,435.25
1000016,131,77,2290,255.11,257.11,0,0,418,452.47,Delivery,Weekday,Breakfast,419,27.58
1000017,9,80,2826,298.76,298.76,0,0,771,920.45,Dine-in,Weekday,Lunch,723,149.45
1000018,101,92,1445,459.78,709.13,0,0,27,32.48,Buffet,Weekday,Dinner,25,6.58
1000019,18,52,1311,158.14,158.14,0,0,742,814.81,Dine-in,Weekday,Lunch,687,72.81
1000020,88,24,2704,243.47,292.03,0,0,473,529.89,Buffet,Weekday,Breakfast,473,68.27
1000021,111,57,1248,153.26,153.26,0,0,27,29.46,Buffet,Weekend,Dinner,27,2.95
1000022,49,89,2760,242.53,242.53,0,0,134,164.14,Buffet,Weekend,Dinner,136,36.17
1000023,6,68,1971,290.06,289.06,0,0,230,257.2,Delivery,Weekend,Lunch,229,21.76
1000024,30,55,1109,255.14,309.43,0,1,715,837.11,Delivery,Weekday,Lunch,778,97.69
1000025,91,14,2640,291.03,291.03,0,0,69,86.02,Dine-in,Weekend,Dinner,69,17.02
1000026,104,41,1885,152.35,151.35,0,0,175,217.62,Dine-in,Weekend,Breakfast,166,42.62
1000027,140,97,1571,486.03,629.53,0,0,242,265.59,Buffet,Weekend,Lunch,250,28.31
1000028,30,94,1207,307.49,308.49,0,0,204,214.52,Buffet,Weekday,Dinner,218,12.62
1000029,83,174,1445,669.33,668.33,0,0,108,123.79,Buffet,Weekend,Dinner,114,18.95
1000030,95,145,2139,280.33,280.33,0,0,41,43.27,Dine-in,Weekday,Lunch,41,2.27
1000031,24,14,2539,165.93,153.26,0,1,229,284.95,Dine-in,Weekday,Breakfast,219,55.95
1000032,97,10,1248,155.26,155.26,0,0,231,269.25,Dine-in,Weekend,Dinner,251,38.25
1000033,25,76,2490,253.2,252.2,0,0,82,99.57,Buffet,Weekday,Dinner,79,21.08
1000034,90,186,2581,486.03,641.23,0,0,109,115.73,Dine-in,Weekend,Dinner,112,6.73
1000036,4,81,1558,611.13,612.13,0,0,136,166.99,Delivery,Weekday,Dinner,129,24.79
1000037,109,93,2704,245.47,244.47,0,0,150,172.05,Buffet,Weekday,Dinner,160,26.46
1000038,139,58,2490,276.45,278.45,0,0,217,257.0,Dine-in,Weekend,Lunch,206,40.0
1000039,85,137,1878,195.94,290.03,1,1,836,1012.72,Delivery,Weekday,Dinner,841,141.38
1000040,141,34,1543,482.09,483.09,0,0,54,60.92,Dine-in,Weekday,Breakfast,51,6.92
1000041,97,101,1311,136.77,208.61,0,0,96,105.63,Buffet,Weekend,Lunch,98,11.56
1000042,105,11,1558,678.03,678.03,0,0,81,88.24,Buffet,Weekend,Breakfast,88,8.69
1000043,40,29,2139,289.06,291.06,0,0,55,60.79,Delivery,Weekday,Dinner,56,4.63
1000044,120,124,1558,698.43,699.43,0,0,54,65.58,Buffet,Weekday,Lunch,49,13.9
1000045,100,153,2664,299.73,301.73,0,0,445,486.17,Dine-in,Weekday,Dinner,445,41.17
1000046,86,143,1109,294.88,294.88,0,0,176,218.97,Dine-in,Weekday,Lunch,172,42.97
1000047,64,129,2631,152.35,152.35,0,0,80,90.59,Dine-in,Weekday,Lunch,86,10.59
1000048,42,73,2867,629.53,630.53,0,0,27,31.44,Dine-in,Weekend,Lunch,25,4.44
1000049,31,124,2492,291.0,387.03,0,1,14,16.8,Buffet,Weekday,Breakfast,13,3.36
1000051,93,76,1311,160.05,319.13,0,0,135,142.37,Buffet,Weekday,Dinner,130,8.84
1000052,86,126,1558,498.64,678.03,0,0,216,242.72,Dine-in,Weekday,Lunch,229,26.72
1000053,64,97,2577,282.33,280.33,0,0,108,130.86,Dine-in,Weekday,Dinner,107,22.86
1000054,86,92,2826,310.43,309.43,0,0,96,109.76,Delivery,Weekday,Breakfast,94,11.01
1000055,1,59,2631,252.23,253.23,0,0,40,46.59,Delivery,Weekday,Lunch,41,5.27
1000056,133,66,2569,339.53,340.53,0,0,216,242.2,Delivery,Weekend,Breakfast,198,20.96
1000057,144,55,1311,180.42,226.01,0,0,203,241.11,Buffet,Weekday,Dinner,200,45.73
1000058,51,153,2577,282.33,280.33,0,0,42,45.56,Dine-in,Weekday,Lunch,39,3.56
1000059,5,26,1216,418.13,418.13,0,0,15,16.49,Dine-in,Weekday,Dinner,16,1.49
1000060,98,89,1248,154.26,154.26,0,0,15,18.61,Dine-in,Weekend,Breakfast,14,3.61
1000061,135,52,1727,321.07,465.63,1,1,2186,2718.33,Dine-in,Weekday,Dinner,2058,532.33
1000062,7,50,1062,159.11,160.11,0,0,350,376.65,Dine-in,Weekend,Dinner,332,26.65
1000063,94,89,1778,160.05,161.05,0,0,661,742.32,Dine-in,Weekday,Lunch,656,81.32
1000064,78,13,1525,291.06,289.06,0,0,474,576.67,Dine-in,Weekday,Dinner,478,102.67
1000065,9,80,1770,485.03,484.03,0,0,14,15.41,Dine-in,Weekday,Breakfast,15,1.41
1000066,118,50,1727,447.23,446.23,0,0,337,357.37,Delivery,Weekend,Lunch,365,16.3
1000067,1,58,1962,583.03,610.13,1,1,229,262.36,Buffet,Weekday,Dinner,235,40.03
1000068,26,129,1247,485.03,486.03,0,0,41,44.53,Dine-in,Weekday,Dinner,40,3.53
1000069,73,53,1543,388.03,486.03,0,0,27,29.49,Buffet,Weekday,Breakfast,29,2.99
1000070,113,80,1525,241.53,241.53,0,1,123,133.49,Buffet,Weekday,Breakfast,132,12.59
1000071,8,26,2306,259.99,242.5,1,0,14,15.91,Delivery,Weekday,Dinner,14,1.53
1000072,32,109,1770,436.53,484.03,0,0,27,29.22,Buffet,Weekday,Lunch,27,2.66
1000073,122,81,2139,291.03,290.03,0,0,42,46.95,Dine-in,Weekday,Dinner,46,4.95
1000074,21,39,2707,225.07,225.07,0,0,121,133.81,Buffet,Weekend,Breakfast,125,15.37
1000075,83,99,2664,306.52,308.52,0,0,472,549.31,Buffet,Weekend,Dinner,431,92.77
1000076,28,110,1962,640.23,641.23,0,0,150,175.17,Buffet,Weekend,Dinner,140,30.2
1000078,33,39,1445,596.58,709.13,0,0,53,59.15,Dine-in,Weekday,Lunch,57,6.15
1000079,107,186,2290,247.38,248.38,0,0,474,548.14,Buffet,Weekday,Dinner,484,88.97
1000080,107,30,1778,163.02,161.02,0,0,487,542.7,Dine-in,Weekday,Lunch,462,55.7
1000081,130,106,2577,282.33,281.33,0,0,14,16.37,Dine-in,Weekday,Lunch,12,2.37
1000082,104,43,1571,582.03,581.03,0,0,14,14.98,Dine-in,Weekend,Dinner,14,0.98
1000083,92,75,1971,194.03,321.07,1,1,1027,1212.53,Dine-in,Weekday,Breakfast,1050,185.53
1000084,31,23,2664,334.71,332.71,0,0,446,512.45,Delivery,Weekday,Breakfast,437,53.16
1000086,132,146,1248,154.26,155.26,0,0,67,72.89,Dine-in,Weekend,Dinner,67,5.89
1000087,56,51,1558,678.03,679.03,0,0,95,118.16,Buffet,Weekend,Breakfast,90,27.79
1000088,124,72,2494,194.0,194.0,0,0,26,28.86,Delivery,Weekday,Lunch,23,2.29
1000089,65,106,1109,255.11,297.79,0,0,458,482.53,Dine-in,Weekday,Breakfast,472,24.53
1000090,28,59,1878,282.33,280.33,0,0,68,79.13,Dine-in,Weekend,Lunch,73,11.13
1000091,134,17,2304,483.09,469.51,0,1,109,128.34,Buffet,Weekday,Lunch,114,23.21
1000092,110,17,2760,241.53,243.53,0,0,107,119.15,Dine-in,Weekday,Dinner,108,12.15
1000093,59,73,1971,289.06,291.06,0,0,351,402.95,Delivery,Weekday,Dinner,335,41.56
1000094,98,110,2577,280.33,280.33,0,0,40,49.92,Delivery,Weekend,Breakfast,36,7.94
1000095,35,32,1207,313.31,313.31,0,0,123,135.35,Delivery,Weekend,Dinner,118,9.88
1000096,97,67,2290,286.18,287.18,0,0,447,555.34,Dine-in,Weekend,Breakfast,435,108.34
1000097,119,126,1247,445.23,447.23,0,1,14,16.16,Delivery,Weekend,Breakfast,13,1.73
1000098,55,110,1770,387.03,485.03,0,0,15,17.78,Dine-in,Weekend,Lunch,15,2.78
1000099,127,52,1311,183.36,184.36,0,0,528,582.37,Buffet,Weekday,Dinner,550,65.24
1000101,67,64,1778,168.78,170.78,0,0,161,199.52,Delivery,Weekday,Dinner,168,30.82
1000102,140,94,2631,97.03,154.26,0,0,107,117.87,Dine-in,Weekend,Breakfast,106,10.87
1000103,113,99,1962,466.63,697.43,1,0,1390,1571.18,Dine-in,Weekday,Breakfast,1496,181.18
1000104,65,129,1525,242.53,291.03,0,0,95,117.69,Dine-in,Weekday,Dinner,92,22.69
1000106,135,75,2539,97.97,121.28,0,0,109,126.1,Dine-in,Weekday,Dinner,111,17.1
1000107,19,75,2306,220.25,340.53,0,0,217,263.78,Delivery,Weekday,Breakfast,232,37.42
1000108,69,14,1543,486.03,485.03,0,0,40,48.7,Buffet,Weekend,Lunch,43,10.44
1000109,106,51,1962,679.03,680.03,0,0,285,326.58,Dine-in,Weekday,Breakfast,290,41.58
1000110,139,11,1971,327.86,329.86,0,0,364,384.44,Buffet,Weekend,Dinner,357,24.53
1000111,94,75,2490,200.85,243.5,1,1,392,448.84,Dine-in,Weekday,Dinner,374,56.84
1000112,36,50,2290,303.64,302.64,0,0,595,725.34,Dine-in,Weekday,Dinner,584,130.34
1000113,113,124,2494,243.5,242.5,0,0,14,15.77,Dine-in,Weekday,Lunch,13,1.77
1000114,82,186,2640,280.33,280.33,0,0,81,90.58,Dine-in,Weekday,Dinner,83,9.58
1000115,119,76,1885,150.35,150.35,0,0,662,724.21,Dine-in,Weekend,Dinner,657,62.21
1000117,133,58,2126,427.8,428.8,0,0,27,32.59,Buffet,Weekend,Dinner,29,6.71
1000118,75,41,1885,145.5,147.5,0,0,68,72.0,Dine-in,Weekday,Lunch,65,4.0
1000120,47,30,1971,248.38,311.4,0,0,528,572.71,Buffet,Weekday,Lunch,567,53.65
1000122,67,81,2640,280.33,281.33,0,0,121,127.6,Dine-in,Weekday,Breakfast,121,6.6
1000123,102,52,2306,349.26,347.26,0,0,26,28.09,Buffet,Weekday,Lunch,24,2.51
1000124,47,124,2539,146.53,145.53,0,0,134,159.61,Buffet,Weekday,Lunch,144,30.73
1000125,37,17,1543,485.03,484.03,0,0,28,32.36,Buffet,Weekday,Breakfast,26,5.23
1000126,6,65,1207,321.13,320.13,0,0,204,224.43,Delivery,Weekend,Dinner,214,16.34
1000128,115,39,1248,145.5,145.5,0,0,28,32.31,Buffet,Weekday,Dinner,30,5.17
1000129,10,143,1543,503.43,504.43,0,0,80,93.23,Buffet,Weekday,Lunch,81,15.88
1000131,84,23,2664,304.64,302.64,0,0,365,411.55,Dine-in,Weekend,Dinner,347,46.55
1000132,75,14,2760,243.53,243.53,0,0,94,112.5,Delivery,Weekday,Lunch,87,14.8
1000133,37,91,1727,445.23,447.23,0,0,40,49.48,Buffet,Weekday,Lunch,39,11.38
1000134,116,99,1962,462.69,698.43,1,0,892,1014.78,Dine-in,Weekday,Lunch,949,122.78
1000135,95,51,2306,349.26,348.26,0,0,41,44.84,Delivery,Weekday,Lunch,44,3.07
1000136,22,29,1558,639.23,639.23,0,0,108,129.86,Dine-in,Weekday,Lunch,104,21.86
1000137,64,174,2577,290.03,292.03,0,0,242,292.89,Delivery,Weekday,Lunch,221,40.71
1000138,113,66,2707,185.3,186.3,0,0,555,674.86,Dine-in,Weekday,Dinner,539,119.86
1000139,12,72,1558,533.53,581.03,1,0,82,100.97,Dine-in,Weekday,Breakfast,84,18.97
1000140,64,26,1885,119.37,119.37,0,0,283,341.67,Buffet,Weekday,Dinner,276,70.4
1000141,139,36,1778,185.27,187.27,0,0,622,754.04,Dine-in,Weekend,Lunch,648,132.04
1000142,90,29,2569,310.43,311.43,0,0,393,462.84,Delivery,Weekend,Dinner,375,55.87
1000143,114,74,1571,581.03,582.03,0,0,14,16.16,Buffet,Weekday,Breakfast,13,2.59
1000144,133,104,2304,479.24,479.24,0,0,42,50.44,Dine-in,Weekend,Lunch,41,8.44
1000145,35,110,2707,223.16,223.16,0,0,392,482.3,Dine-in,Weekend,Lunch,393,90.3
1000146,110,64,2322,322.1,291.03,0,1,136,165.99,Dine-in,Weekday,Breakfast,148,29.99
1000147,96,67,1062,160.05,160.05,0,0,593,717.89,Dine-in,Weekday,Lunch,580,124.89
1000148,143,10,1885,151.38,149.38,0,0,1986,2285.38,Dine-in,Weekday,Dinner,1902,299.38
1000149,48,149,2322,323.98,324.98,0,0,109,115.55,Delivery,Weekend,Lunch,108,5.24
1000150,70,99,1571,631.53,630.53,0,0,54,67.21,Dine-in,Weekend,Breakfast,59,13.21
1000151,80,73,1109,292.0,291.0,0,0,310,387.15,Delivery,Weekday,Dinner,313,61.72
1000153,107,139,2126,509.31,508.31,0,0,68,74.01,Buffet,Weekday,Dinner,73,7.21
1000154,21,161,1248,253.2,252.2,0,0,40,47.84,Buffet,Weekend,Breakfast,41,9.41
1000155,68,30,2664,321.13,319.13,0,0,258,275.75,Dine-in,Weekday,Breakfast,278,17.75
1000156,55,109,2492,387.03,388.03,0,1,27,28.85,Dine-in,Weekend,Lunch,27,1.85
1000157,73,55,2490,252.2,252.2,0,0,150,181.41,Dine-in,Weekday,Lunch,144,31.41
1000158,56,153,2444,618.86,619.86,0,0,161,171.79,Buffet,Weekend,Lunch,162,12.95
1000159,54,101,2290,281.33,281.33,0,0,648,694.77,Buffet,Weekday,Dinner,627,56.12
1000160,135,64,2490,290.03,292.03,0,0,107,122.77,Dine-in,Weekday,Lunch,102,15.77
1000161,15,106,2492,447.23,447.23,0,0,41,50.58,Buffet,Weekday,Breakfast,39,11.5
1000163,129,162,2304,468.51,468.51,0,0,40,45.41,Buffet,Weekday,Breakfast,36,6.49
1000165,82,81,2826,309.43,311.43,0,0,352,438.51,Buffet,Weekday,Dinner,380,103.81
1000166,32,83,2290,283.24,284.24,0,0,946,995.14,Buffet,Weekday,Dinner,963,58.97
1000167,10,143,1885,119.37,122.28,0,1,364,430.66,Dine-in,Weekday,Breakfast,341,66.66
1000168,14,39,2760,190.18,233.83,0,0,82,88.87,Dine-in,Weekend,Lunch,81,6.87
1000169,78,145,1778,180.48,179.48,0,0,188,216.22,Delivery,Weekday,Dinner,202,22.58
1000170,44,77,2322,287.15,288.15,0,0,175,208.92,Buffet,Weekday,Breakfast,183,40.7
1000171,104,186,2492,446.23,446.23,0,0,15,18.51,Buffet,Weekend,Lunch,15,4.21
1000172,51,75,1962,640.23,639.23,0,0,270,304.13,Buffet,Weekday,Dinner,272,40.96
1000173,63,93,1445,629.53,708.13,0,0,53,63.37,Dine-in,Weekend,Dinner,48,10.37
1000174,103,83,1247,445.23,445.23,0,0,80,96.44,Delivery,Weekday,Breakfast,85,13.15
1000175,136,55,1198,195.03,228.01,0,0,96,119.12,Dine-in,Weekday,Lunch,93,23.12
1000176,121,76,1971,192.06,323.04,1,1,1201,1382.37,Dine-in,Weekday,Breakfast,1248,181.37
1000177,111,50,1207,313.34,313.37,1,0,150,186.01,Dine-in,Weekend,Dinner,135,36.01
1000178,104,137,2956,581.03,581.03,0,0,96,109.85,Dine-in,Weekend,Dinner,103,13.85
1000179,127,76,1109,266.75,317.19,0,0,393,445.63,Dine-in,Weekday,Lunch,372,52.63
1000180,116,126,1216,417.13,417.13,0,0,42,47.09,Buffet,Weekday,Breakfast,44,6.11
1000181,112,129,1248,143.59,144.59,0,0,40,48.87,Delivery,Weekend,Dinner,38,7.1
1000182,134,11,1727,466.63,466.63,0,0,635,720.53,Dine-in,Weekday,Breakfast,586,85.53
1000183,87,104,2306,243.5,348.26,0,1,161,195.27,Dine-in,Weekday,Lunch,163,34.27
1000185,12,64,2581,533.53,583.03,1,0,149,163.53,Buffet,Weekday,Dinner,139,17.44
1000186,98,145,2707,187.27,187.27,0,0,350,414.88,Dine-in,Weekend,Dinner,356,64.88
1000188,130,137,1543,469.51,468.51,0,0,82,89.32,Buffet,Weekday,Breakfast,85,8.78
1000189,15,161,1962,640.23,641.23,0,0,149,157.15,Dine-in,Weekday,Lunch,143,8.15
1000190,57,89,2304,388.03,463.72,0,0,82,93.37,Dine-in,Weekday,Dinner,75,11.37
1000191,140,26,1525,320.13,320.13,0,0,14,15.57,Dine-in,Weekend,Lunch,15,1.57
1000192,110,132,1727,438.5,438.5,0,0,350,375.65,Delivery,Weekday,Lunch,375,20.52
1000193,8,17,1885,144.53,144.53,0,0,540,645.66,Dine-in,Weekday,Dinner,499,105.66
1000194,82,149,1754,310.43,309.43,0,0,81,91.86,Dine-in,Weekday,Lunch,85,10.86
1000195,65,64,2322,325.01,323.01,0,0,148,180.77,Dine-in,Weekday,Breakfast,144,32.77
1000196,37,30,1803,178.51,214.43,0,1,121,147.35,Buffet,Weekday,Dinner,121,31.62
1000197,92,23,1207,321.07,388.0,0,0,177,204.49,Dine-in,Weekday,Lunch,172,27.49
1000198,135,77,1993,96.03,122.28,0,0,161,176.57,Dine-in,Weekday,Lunch,165,15.57
1000199,122,32,2126,427.8,508.31,0,0,96,102.63,Delivery,Weekday,Dinner,88,5.3
1000200,5,99,1727,240.56,445.23,0,0,2875,3456.64,Dine-in,Weekday,Dinner,2824,581.64
1000201,88,36,2139,298.82,297.82,0,0,80,86.89,Buffet,Weekday,Dinner,75,8.27
1000202,106,32,1727,403.55,404.55,0,0,242,296.63,Dine-in,Weekday,Dinner,265,54.63
1000203,95,81,1248,155.26,155.26,0,0,41,49.56,Delivery,Weekday,Lunch,41,6.85
1000204,46,81,1109,224.1,281.36,1,0,675,841.56,Dine-in,Weekday,Dinner,662,166.56
1000205,76,59,2956,581.03,581.03,0,0,55,60.75,Buffet,Weekend,Dinner,50,6.9
1000206,93,126,1727,445.23,446.23,0,0,296,343.24,Dine-in,Weekday,Dinner,299,47.24
1000207,55,51,2444,619.86,619.86,0,0,96,113.81,Delivery,Weekend,Dinner,90,14.25
1000208,77,68,2492,445.23,445.23,0,0,69,80.19,Dine-in,Weekend,Lunch,71,11.19
1000209,20,83,2569,328.89,326.89,0,0,230,280.38,Dine-in,Weekend,Lunch,213,50.38
1000210,31,34,1971,289.06,289.06,0,0,297,347.81,Dine-in,Weekday,Lunch,274,50.81
1000211,112,109,2577,292.03,292.03,0,0,42,48.43,Delivery,Weekend,Lunch,45,5.14
1000212,59,129,2956,631.53,630.53,0,0,27,32.31,Dine-in,Weekday,Dinner,26,5.31
1000214,38,23,1248,154.26,154.26,0,0,81,94.6,Delivery,Weekday,Dinner,73,10.88
1000215,108,13,2577,213.46,290.03,1,0,553,681.43,Dine-in,Weekday,Dinner,556,128.43
1000216,36,106,2569,328.89,326.89,0,0,230,259.22,Dine-in,Weekday,Dinner,227,29.22
1000217,105,67,2867,669.33,669.33,0,0,41,48.11,Buffet,Weekend,Dinner,43,8.53
1000218,82,110,1902,447.23,446.23,0,0,13,15.66,Buffet,Weekday,Lunch,13,3.19
1000219,3,81,2322,321.07,322.1,0,1,433,539.94,Delivery,Weekday,Dinner,410,85.55
1000220,121,110,2826,326.92,326.92,0,0,377,415.0,Buffet,Weekday,Dinner,361,45.6
1000221,94,64,2707,186.24,186.27,1,0,391,448.12,Dine-in,Weekday,Lunch,365,57.12
1000222,34,143,1543,387.03,505.43,0,0,67,78.65,Dine-in,Weekend,Breakfast,60,11.65
1000223,45,177,1207,315.31,313.31,0,0,324,396.36,Dine-in,Weekday,Lunch,349,72.36
1000224,100,104,1109,234.74,304.58,0,0,445,485.75,Dine-in,Weekday,Dinner,448,40.75
1000225,59,129,1216,435.53,437.53,0,0,53,57.57,Delivery,Weekday,Dinner,57,3.66
1000226,60,32,2306,316.25,359.93,0,0,15,17.78,Dine-in,Weekday,Lunch,13,2.78
1000227,135,66,1230,366.72,365.72,0,0,149,179.94,Dine-in,Weekday,Breakfast,143,30.94
1000228,142,93,2492,445.23,446.23,0,0,14,15.03,Buffet,Weekday,Dinner,13,1.24
1000229,47,75,1971,244.5,311.43,1,0,419,493.87,Buffet,Weekday,Lunch,405,89.84
1000230,125,17,2306,241.53,337.62,0,0,123,136.54,Buffet,Weekend,Lunch,120,16.25
1000231,17,57,2631,96.03,260.93,0,0,13,15.42,Dine-in,Weekday,Dinner,13,2.42
1000232,82,93,1902,445.23,445.23,0,0,15,17.3,Dine-in,Weekday,Lunch,15,2.3
1000234,8,108,1847,243.5,243.5,0,0,27,28.92,Buffet,Weekday,Breakfast,29,2.3
1000235,138,104,1770,486.03,486.03,0,0,26,28.03,Dine-in,Weekday,Dinner,28,2.03
1000236,116,61,1885,96.03,97.03,0,0,162,176.45,Buffet,Weekday,Lunch,150,17.34
1000238,74,177,2492,446.23,446.23,0,0,14,17.4,Dine-in,Weekday,Lunch,13,3.4
1000240,142,143,2640,321.13,321.13,0,0,134,148.36,Buffet,Weekday,Dinner,128,17.23
1000241,120,72,2631,154.26,153.26,0,0,68,79.29,Delivery,Weekday,Lunch,69,9.03
1000242,129,32,2126,428.8,508.31,0,0,54,66.89,Dine-in,Weekday,Lunch,49,12.89
1000243,101,42,1993,121.31,120.31,0,0,445,485.12,Dine-in,Weekday,Lunch,410,40.12
1000244,64,143,1902,445.23,445.23,0,0,40,46.88,Buffet,Weekday,Breakfast,36,8.26
1000245,137,43,2322,383.21,381.21,0,0,431,495.33,Dine-in,Weekday,Dinner,420,64.33
1000246,144,126,2577,320.13,321.13,0,0,55,61.43,Dine-in,Weekday,Lunch,57,6.43
1000247,34,50,1778,159.08,161.08,0,0,270,333.49,Dine-in,Weekend,Lunch,292,63.49
1000248,129,145,2867,765.33,767.33,0,0,13,16.05,Dine-in,Weekday,Lunch,14,3.05
1000249,111,17,2494,242.5,243.5,0,0,13,14.49,Buffet,Weekend,Breakfast,11,1.79
1000250,111,20,1207,315.25,514.13,1,0,148,162.21,Dine-in,Weekend,Dinner,141,14.21
1000251,126,157,2306,338.53,340.53,0,1,15,18.22,Delivery,Weekend,Lunch,13,2.58
1000252,80,104,1971,309.43,311.43,0,0,284,307.66,Dine-in,Weekday,Lunch,283,23.66
1000253,48,124,1885,122.25,143.59,0,0,567,636.81,Dine-in,Weekend,Breakfast,566,69.81
1000254,32,110,1230,315.31,314.31,0,0,338,399.26,Dine-in,Weekday,Lunch,367,61.26
1000255,70,89,2494,233.83,232.83,0,0,81,93.31,Dine-in,Weekend,Dinner,75,12.31
1000256,88,14,2569,314.28,363.81,0,0,55,64.07,Delivery,Weekday,Dinner,58,7.26
1000257,57,30,2322,462.69,463.69,0,0,297,328.22,Dine-in,Weekday,Lunch,320,31.22
1000258,31,88,2631,153.32,260.93,0,1,135,144.92,Dine-in,Weekday,Dinner,134,9.92
1000260,22,58,1962,639.23,640.23,0,0,109,124.71,Dine-in,Weekday,Lunch,114,15.71
1000262,42,10,2867,620.86,618.86,0,0,162,202.16,Buffet,Weekend,Dinner,172,48.19
1000263,97,55,2867,670.33,669.33,0,0,40,43.77,Dine-in,Weekend,Breakfast,36,3.77
1000265,119,23,1847,194.0,242.5,0,1,122,146.47,Buffet,Weekend,Dinner,119,29.36
1000266,13,76,1062,183.33,183.33,0,0,256,269.81,Dine-in,Weekend,Dinner,278,13.81
1000267,8,50,1558,615.95,617.95,0,0,107,123.75,Dine-in,Weekday,Breakfast,103,16.75
1000268,124,145,1558,513.19,660.63,0,0,41,48.69,Buffet,Weekday,Dinner,44,9.23
1000269,42,65,2490,244.5,244.5,1,1,1176,1271.15,Buffet,Weekend,Lunch,1254,114.18
1000270,106,30,1885,145.53,146.53,0,0,932,1084.08,Buffet,Weekday,Lunch,863,182.5
1000272,130,177,1109,224.1,303.67,1,1,1797,1946.44,Dine-in,Weekday,Lunch,1899,149.44
1000273,46,113,2126,435.59,552.93,0,0,55,61.11,Delivery,Weekday,Breakfast,51,4.89
1000274,109,10,1216,340.5,388.03,0,0,96,106.18,Dine-in,Weekday,Breakfast,103,10.18
1000275,105,39,2867,709.13,709.13,0,0,14,15.71,Delivery,Weekend,Dinner,13,1.37
1000276,12,99,1216,407.43,455.93,0,0,28,34.76,Dine-in,Weekday,Breakfast,28,6.76
1000277,95,89,2867,436.56,670.33,1,1,257,273.85,Buffet,Weekday,Lunch,268,20.22
1000278,135,17,1993,150.35,150.35,0,0,107,120.69,Dine-in,Weekday,Lunch,108,13.69
1000279,109,51,1778,181.45,181.45,0,0,744,879.37,Delivery,Weekday,Dinner,672,108.3
1000280,74,59,1962,680.03,679.03,0,0,163,187.65,Dine-in,Weekday,Breakfast,166,24.65
1000281,92,88,1525,290.03,290.03,0,0,40,44.22,Dine-in,Weekday,Dinner,39,4.22
1000282,131,106,2826,325.92,327.92,0,0,528,607.36,Buffet,Weekday,Lunch,559,95.23
1000283,92,26,2139,292.03,290.03,0,0,42,51.89,Dine-in,Weekday,Dinner,43,9.89
1000284,121,97,2631,92.15,155.26,1,0,80,97.15,Delivery,Weekday,Dinner,79,13.72
1000285,135,39,2569,332.71,333.71,0,0,837,985.98,Dine-in,Weekday,Lunch,911,148.98
1000286,106,10,1902,388.03,447.23,0,0,121,149.28,Delivery,Weekday,Dinner,131,22.62
1000287,141,146,1062,167.84,168.84,0,0,393,458.89,Buffet,Weekday,Lunch,426,79.07
1000288,66,59,2956,630.53,631.53,0,0,14,16.25,Dine-in,Weekday,Dinner,13,2.25
1000289,101,137,2760,222.13,224.13,0,0,366,439.05,Dine-in,Weekday,Lunch,335,73.05
1000290,34,59,1062,162.05,183.36,0,0,636,682.14,Buffet,Weekend,Lunch,643,55.37
1000291,143,53,2290,298.79,299.79,0,0,499,617.02,Delivery,Weekday,Dinner,543,94.42
1000292,58,50,2631,146.5,146.5,0,0,80,91.57,Dine-in,Weekday,Dinner,78,11.57
1000293,91,57,2707,185.27,223.1,0,0,311,358.23,Buffet,Weekend,Breakfast,284,56.68
1000294,47,57,1230,322.07,321.07,0,0,161,185.92,Dine-in,Weekday,Lunch,170,24.92
1000295,69,80,2760,241.53,242.53,0,0,28,32.08,Dine-in,Weekend,Dinner,28,4.08
1000296,62,52,1445,608.19,608.19,0,0,68,71.62,Delivery,Weekend,Lunch,70,2.9
1000297,66,43,1445,609.19,610.19,0,0,68,83.88,Dine-in,Weekday,Dinner,69,15.88
1000298,9,174,1311,160.05,194.0,0,0,325,344.06,Dine-in,Weekday,Breakfast,328,19.06
1000299,31,34,2704,292.03,292.03,0,0,243,263.72,Dine-in,Weekday,Dinner,241,20.72
1000300,34,186,1543,260.96,504.43,0,0,352,382.68,Buffet,Weekend,Lunch,334,36.82
1000302,24,89,1971,334.71,333.71,0,0,80,91.88,Delivery,Weekday,Lunch,82,9.5
1000303,26,145,2539,120.28,120.28,0,0,149,170.07,Dine-in,Weekday,Dinner,147,21.07
1000305,130,104,1207,324.95,501.52,0,0,231,264.76,Delivery,Weekday,Breakfast,236,27.01
1000306,138,174,1109,252.2,308.49,0,0,1162,1237.32,Buffet,Weekday,Lunch,1177,90.38
1000307,30,17,2494,195.0,243.5,0,0,13,15.02,Buffet,Weekday,Lunch,13,2.42
1000308,57,51,2640,290.03,291.03,0,0,148,159.02,Dine-in,Weekday,Dinner,155,11.02
1000309,69,86,1207,461.78,461.78,0,0,123,133.6,Dine-in,Weekend,Dinner,129,10.6
1000310,10,36,2444,436.53,628.62,1,0,460,514.02,Buffet,Weekday,Dinner,478,64.82
1000311,2,43,1803,162.99,161.99,0,0,931,1134.57,Delivery,Weekday,Dinner,848,162.86
1000312,53,43,1198,166.9,199.88,0,0,392,430.96,Dine-in,Weekday,Dinner,395,38.96
1000313,81,14,2539,145.53,145.53,0,0,271,318.21,Dine-in,Weekday,Lunch,252,47.21
1000314,70,23,2306,242.5,338.53,1,0,80,98.86,Dine-in,Weekend,Dinner,85,18.86
1000315,53,145,2631,155.26,155.26,0,0,28,31.94,Dine-in,Weekday,Dinner,27,3.94
1000317,109,50,1230,285.21,285.21,0,0,258,320.37,Dine-in,Weekday,Dinner,266,62.37
1000318,46,52,1216,407.43,408.43,0,0,94,109.46,Buffet,Weekday,Lunch,95,18.55
1000319,7,41,1803,161.05,183.36,0,0,26,29.54,Buffet,Weekend,Dinner,23,4.25
1000320,47,20,1727,446.23,445.23,0,0,123,133.12,Delivery,Weekday,Dinner,113,8.1
1000321,48,73,2631,95.09,155.26,0,0,42,49.45,Dine-in,Weekend,Dinner,38,7.45
1000322,32,81,2707,203.7,229.92,0,0,162,172.71,Buffet,Weekday,Lunch,148,12.85
1000323,141,149,1962,521.89,549.08,1,0,270,295.45,Dine-in,Weekday,Dinner,251,25.45
1000324,57,66,2569,260.93,328.89,1,0,1160,1326.14,Dine-in,Weekday,Dinner,1257,166.14
1000325,42,10,1248,149.38,149.38,0,0,148,182.34,Dine-in,Weekend,Dinner,133,34.34
1000326,95,177,2290,242.5,243.5,0,0,555,674.42,Dine-in,Weekday,Breakfast,568,119.42
1000327,50,143,2631,99.0,155.26,0,0,82,100.79,Dine-in,Weekday,Dinner,90,18.79
1000328,87,24,1230,384.12,386.12,0,0,135,143.78,Buffet,Weekday,Breakfast,142,10.54
1000329,68,53,2707,190.12,191.12,0,0,622,684.88,Buffet,Weekday,Dinner,570,75.46
1000331,11,102,2707,190.12,190.12,0,0,242,286.84,Dine-in,Weekday,Lunch,263,44.84
1000332,109,146,2492,308.46,446.23,0,1,337,415.32,Buffet,Weekday,Dinner,330,93.98
1000333,44,55,1543,390.0,484.03,1,0,28,31.46,Dine-in,Weekday,Lunch,28,3.46
1000335,21,146,1207,318.19,318.19,0,0,190,204.97,Dine-in,Weekend,Dinner,191,14.97
1000336,16,157,2492,445.23,447.23,0,0,55,64.13,Delivery,Weekday,Lunch,58,7.3
1000337,69,81,2492,446.23,445.23,0,0,15,17.12,Buffet,Weekend,Dinner,16,2.54
1000338,97,50,1248,153.26,153.26,0,0,26,31.91,Dine-in,Weekend,Dinner,28,5.91
1000339,11,174,1971,243.5,302.64,1,0,1106,1310.65,Dine-in,Weekday,Lunch,1201,204.65
1000340,129,92,1543,469.51,468.51,0,0,94,103.67,Buffet,Weekday,Lunch,86,11.6
1000341,91,11,1207,320.1,368.66,0,0,123,146.72,Dine-in,Weekend,Lunch,116,23.72
1000342,47,24,1778,161.05,183.39,0,0,365,409.5,Dine-in,Weekday,Lunch,359,44.5
1000343,21,110,2581,485.03,641.23,1,0,256,292.69,Buffet,Weekend,Breakfast,267,44.03
1000344,41,88,2290,310.43,309.43,0,0,230,253.19,Dine-in,Weekend,Breakfast,252,23.19
1000345,17,149,1962,639.23,639.23,0,0,69,76.54,Dine-in,Weekday,Breakfast,69,7.54
1000346,116,110,1962,469.51,641.23,1,1,392,478.53,Dine-in,Weekday,Lunch,430,86.53
1000347,20,23,1248,251.23,253.23,0,0,41,49.66,Delivery,Weekend,Dinner,38,6.93
1000348,137,186,1216,418.13,416.13,0,0,82,88.33,Delivery,Weekday,Breakfast,75,5.06
1000349,32,73,1062,158.17,176.54,1,0,499,566.17,Delivery,Weekday,Breakfast,546,53.74
1000350,34,106,1062,152.35,151.35,0,0,296,312.34,Dine-in,Weekend,Dinner,319,16.34
1000351,110,186,1109,260.93,321.13,0,0,148,180.65,Buffet,Weekday,Lunch,140,39.18
1000353,55,139,1885,114.49,96.09,0,1,393,470.85,Buffet,Weekend,Dinner,391,93.42
1000354,145,64,2640,320.13,320.13,0,0,54,66.39,Dine-in,Weekday,Dinner,51,12.39
1000355,7,186,2577,243.53,242.53,0,0,40,44.24,Dine-in,Weekend,Lunch,43,4.24
1000356,6,65,2492,446.23,447.23,0,0,13,15.23,Dine-in,Weekend,Breakfast,12,2.23
1000358,14,99,2640,282.33,281.33,0,0,82,100.58,Delivery,Weekend,Dinner,74,14.86
1000359,54,137,2490,250.29,249.29,0,0,594,664.64,Buffet,Weekday,Lunch,634,84.77
1000360,52,11,2631,155.26,155.26,0,0,82,87.72,Dine-in,Weekday,Dinner,81,5.72
1000361,126,92,1727,422.95,421.95,0,0,242,268.27,Delivery,Weekend,Dinner,236,21.02
1000363,95,186,2290,243.5,244.5,1,0,528,621.56,Dine-in,Weekday,Dinner,519,93.56
1000364,2,108,1543,485.03,486.03,0,0,53,58.75,Dine-in,Weekday,Lunch,49,5.75
1000365,103,89,1198,195.0,196.0,0,0,311,361.37,Delivery,Weekday,Lunch,296,40.3
1000366,131,137,1248,164.93,164.93,0,0,41,44.5,Dine-in,Weekday,Breakfast,42,3.5
1000367,40,113,2569,328.89,326.89,0,0,312,370.47,Dine-in,Weekday,Breakfast,317,58.47
1000368,126,50,2490,291.03,291.03,0,0,150,179.02,Dine-in,Weekend,Lunch,148,29.02
1000369,81,177,2826,311.43,310.43,0,0,176,188.28,Dine-in,Weekday,Lunch,179,12.28
1000370,56,161,2664,261.93,327.89,1,1,419,512.51,Dine-in,Weekend,Lunch,452,93.51
1000371,57,24,1727,446.23,445.23,0,0,526,626.37,Buffet,Weekday,Dinner,492,120.44
1000372,110,186,1062,172.66,172.66,0,0,134,163.11,Buffet,Weekday,Breakfast,124,34.93
1000373,145,67,2139,284.21,284.21,0,0,67,76.85,Dine-in,Weekday,Lunch,65,9.85
1000374,82,113,2664,252.26,309.43,1,1,1094,1338.38,Dine-in,Weekday,Dinner,1159,244.38
1000375,28,81,2707,220.19,222.19,0,0,217,270.97,Dine-in,Weekend,Dinner,211,53.97
1000376,67,51,1311,116.4,117.4,0,0,149,162.79,Dine-in,Weekday,Dinner,134,13.79
1000377,86,30,1109,232.83,311.43,0,0,269,296.71,Dine-in,Weekday,Lunch,293,27.71
1000378,101,59,1525,290.03,290.03,0,0,297,344.6,Buffet,Weekday,Breakfast,285,57.12
1000379,117,34,1971,288.15,288.15,0,0,135,144.33,Delivery,Weekday,Lunch,127,7.46
1000381,27,10,1962,485.03,622.77,1,0,730,793.63,Buffet,Weekend,Lunch,726,76.36
1000382,64,61,2104,629.53,631.53,0,0,41,43.88,Dine-in,Weekday,Lunch,40,2.88
1000383,83,59,2539,145.5,145.5,0,1,824,937.2,Buffet,Weekend,Breakfast,905,135.84
1000384,36,65,2490,244.5,244.5,0,0,325,383.97,Delivery,Weekday,Lunch,332,47.18
1000385,28,75,2444,570.36,571.36,0,0,136,164.17,Dine-in,Weekend,Dinner,142,28.17
1000386,119,24,1847,195.0,243.5,0,0,108,118.99,Dine-in,Weekend,Lunch,98,10.99
1000387,37,51,1445,669.33,668.33,0,0,54,57.85,Delivery,Weekday,Lunch,49,3.08
1000388,84,52,1207,376.42,456.87,0,0,134,159.09,Delivery,Weekend,Lunch,127,20.07
1000389,22,32,1248,235.74,261.93,0,0,15,16.37,Buffet,Weekday,Lunch,14,1.64
1000390,76,104,1543,462.72,461.72,0,0,81,95.53,Buffet,Weekend,Lunch,73,17.44
1000391,56,80,2494,241.56,241.56,0,0,28,30.12,Dine-in,Weekend,Lunch,27,2.12
1000393,126,27,1198,194.03,227.01,0,0,95,105.94,Buffet,Weekend,Dinner,99,13.13
1000394,11,99,2290,299.73,300.73,0,0,485,594.81,Dine-in,Weekday,Lunch,518,109.81
1000395,20,57,1216,417.13,418.13,0,0,26,28.62,Dine-in,Weekend,Lunch,26,2.62
1000396,91,36,1754,309.43,311.43,0,0,134,159.01,Dine-in,Weekend,Lunch,139,25.01
1000397,87,24,1770,485.03,486.03,0,0,27,30.7,Buffet,Weekday,Breakfast,27,4.44
1000398,31,161,2581,641.23,640.23,0,0,134,164.7,Delivery,Weekday,Breakfast,143,24.56
1000400,84,149,1247,445.23,446.23,0,0,14,17.07,Delivery,Weekend,Dinner,13,2.46
1000401,21,30,2492,387.03,388.03,0,0,80,96.62,Dine-in,Weekend,Dinner,77,16.62
1000402,124,17,1109,199.88,320.13,0,0,486,534.41,Buffet,Weekday,Lunch,472,58.09
1000403,59,143,1754,298.76,299.76,0,0,393,432.89,Delivery,Weekday,Lunch,367,31.91
1000404,88,126,1778,161.05,181.45,0,0,649,752.68,Dine-in,Weekday,Breakfast,604,103.68
1000406,103,157,1109,192.09,339.5,0,0,68,76.53,Buffet,Weekday,Lunch,68,10.24
1000407,141,174,1803,192.12,191.12,0,0,431,501.26,Delivery,Weekday,Lunch,419,56.21
1000408,55,81,2306,243.5,340.53,0,0,42,46.75,Dine-in,Weekend,Dinner,40,4.75
1000410,114,55,1558,470.45,699.43,1,1,391,437.76,Delivery,Weekday,Lunch,402,37.41
1000411,103,161,1558,639.23,641.23,0,0,53,55.81,Delivery,Weekday,Breakfast,54,2.25
1000412,45,92,2322,315.28,315.28,0,0,150,160.22,Delivery,Weekday,Lunch,138,8.18
1000413,78,77,2139,277.48,277.48,0,0,28,32.14,Buffet,Weekday,Dinner,30,4.97
1000414,97,65,2826,244.5,310.43,1,0,784,837.51,Buffet,Weekend,Lunch,854,64.21
1000415,82,55,2492,340.5,387.03,0,0,53,64.9,Dine-in,Weekday,Dinner,50,11.9
1000416,93,86,2139,308.49,308.49,0,0,28,29.92,Delivery,Weekday,Lunch,29,1.54
1000417,95,186,2539,122.25,121.25,0,0,40,46.33,Dine-in,Weekday,Lunch,43,6.33
1000418,60,73,2867,485.03,707.13,1,1,163,171.76,Delivery,Weekday,Breakfast,150,7.01
1000419,129,106,1902,447.23,445.23,0,0,14,16.4,Buffet,Weekday,Breakfast,14,2.88
1000420,32,53,2704,290.03,290.03,0,0,68,84.24,Buffet,Weekday,Dinner,73,19.49
1000421,64,10,2290,270.63,271.63,0,0,1242,1376.73,Delivery,Weekday,Lunch,1365,107.78
1000422,54,145,2126,438.5,553.93,0,1,26,29.56,Dine-in,Weekday,Dinner,28,3.56
1000423,85,97,1543,389.03,513.13,0,1,148,174.75,Delivery,Weekday,Dinner,135,21.4
1000424,16,10,2139,435.53,437.53,0,0,28,32.52,Dine-in,Weekday,Lunch,27,4.52
1000425,87,186,1885,119.37,119.37,0,0,405,454.21,Dine-in,Weekday,Lunch,416,49.21
1000426,126,146,2306,336.62,335.62,0,0,82,99.08,Buffet,Weekend,Breakfast,74,20.5
1000427,7,10,2707,227.01,228.01,0,0,986,1138.38,Buffet,Weekend,Breakfast,1011,182.86
1000428,135,14,1558,547.08,639.23,1,1,215,246.27,Dine-in,Weekday,Lunch,208,31.27
1000430,89,50,2664,311.43,309.43,0,0,580,632.54,Dine-in,Weekday,Lunch,599,52.54
1000431,99,106,2444,709.13,709.13,0,0,27,30.55,Buffet,Weekday,Lunch,28,4.26
1000432,1,52,1878,280.33,282.33,0,0,121,141.72,Dine-in,Weekday,Dinner,128,20.72
1000433,25,77,2581,615.04,615.04,0,0,81,94.05,Dine-in,Weekday,Dinner,82,13.05
1000434,19,58,2867,658.63,659.63,0,0,15,16.23,Delivery,Weekday,Dinner,14,0.98
1000435,17,42,2304,387.03,503.43,0,0,54,60.05,Dine-in,Weekday,Breakfast,51,6.05
1000436,103,124,2490,281.36,279.36,0,0,283,320.88,Buffet,Weekday,Dinner,288,45.46
1000437,68,61,2640,282.33,280.33,0,0,310,354.9,Delivery,Weekday,Lunch,297,35.92
1000439,141,50,1885,122.28,122.28,0,0,393,466.03,Buffet,Weekday,Dinner,376,87.64
1000440,114,106,1445,707.13,709.13,0,0,41,44.41,Buffet,Weekday,Lunch,42,4.09
1000441,130,93,2581,486.03,660.63,1,1,392,432.97,Buffet,Weekday,Dinner,384,49.16
1000442,106,34,2640,282.33,282.33,0,0,312,340.74,Dine-in,Weekday,Dinner,296,28.74
1000443,120,139,1878,282.33,282.33,0,0,13,14.77,Delivery,Weekday,Lunch,12,1.42
1000444,95,23,2492,387.03,387.03,0,0,15,17.35,Dine-in,Weekday,Dinner,15,2.35
1000445,21,143,2290,304.64,304.64,0,0,582,712.32,Buffet,Weekend,Dinner,539,156.38
1000446,14,51,1754,290.03,291.03,0,0,526,649.16,Dine-in,Weekend,Dinner,509,123.16
1000447,61,17,2290,263.9,262.9,0,0,324,355.54,Delivery,Weekday,Lunch,336,25.23
1000448,55,36,2322,467.57,470.45,0,1,95,114.7,Delivery,Weekend,Lunch,94,15.76
1000449,48,86,1558,678.03,679.03,0,0,298,320.41,Dine-in,Weekend,Breakfast,278,22.41
1000450,75,174,2867,602.37,603.37,0,0,162,195.09,Dine-in,Weekday,Dinner,177,33.09
1000451,84,109,1727,369.63,446.23,0,0,310,386.96,Delivery,Weekend,Lunch,298,61.57
1000452,73,55,1971,290.03,291.03,0,0,162,193.97,Dine-in,Weekday,Dinner,160,31.97
1000453,37,14,1558,442.38,680.03,1,1,460,534.59,Dine-in,Weekday,Lunch,425,74.59
1000454,12,64,2290,303.67,303.67,0,0,487,523.96,Dine-in,Weekday,Dinner,503,36.96
1000455,117,51,1247,445.23,445.23,0,0,13,14.33,Dine-in,Weekday,Dinner,13,1.33
1000456,89,36,1878,291.03,291.03,0,0,82,91.93,Buffet,Weekday,Lunch,86,11.92
1000457,136,52,2867,726.53,728.53,0,0,15,16.23,Dine-in,Weekday,Lunch,15,1.23
1000458,124,152,2139,280.33,281.33,0,0,40,48.32,Dine-in,Weekday,Lunch,39,8.32
1000459,2,132,1803,180.48,179.48,0,0,338,401.08,Dine-in,Weekday,Dinner,313,63.08
1000460,47,14,2490,252.2,254.2,0,0,269,314.37,Buffet,Weekday,Dinner,280,54.44
1000461,75,162,2569,327.89,327.89,0,0,377,410.28,Buffet,Weekday,Dinner,395,39.94
1000463,66,108,2304,486.03,485.03,0,0,14,16.2,Dine-in,Weekday,Dinner,14,2.2
1000464,68,32,2492,447.23,446.23,0,0,13,15.16,Buffet,Weekday,Breakfast,13,2.59
1000465,126,186,1727,421.95,422.95,0,0,175,192.23,Buffet,Weekend,Breakfast,192,20.68
1000466,120,59,1993,149.38,149.38,0,0,931,1039.99,Delivery,Weekday,Lunch,851,87.19
1000467,99,93,1885,122.28,120.28,0,0,256,286.17,Buffet,Weekday,Dinner,243,36.2
1000468,109,153,1198,169.75,170.75,0,0,202,249.91,Buffet,Weekday,Dinner,196,57.49
1000469,19,55,1207,379.3,379.3,0,0,55,63.39,Dine-in,Weekday,Dinner,54,8.39
1000470,144,14,2581,549.08,548.08,0,0,176,215.24,Dine-in,Weekday,Lunch,189,39.24
1000471,91,86,2126,437.53,534.53,0,0,26,30.75,Dine-in,Weekend,Lunch,23,4.75
1000472,140,113,1109,277.48,328.83,0,0,231,258.86,Dine-in,Weekend,Dinner,218,27.86
1000473,1,149,2290,310.43,309.43,0,0,189,223.79,Dine-in,Weekday,Dinner,186,34.79
1000474,97,162,2126,423.89,513.13,0,0,53,57.07,Dine-in,Weekend,Dinner,51,4.07
1000475,96,23,1885,149.38,151.38,0,0,554,674.8,Dine-in,Weekday,Breakfast,588,120.8
1000476,13,161,1962,541.32,584.94,1,0,202,245.41,Buffet,Weekend,Dinner,199,52.09
1000477,104,11,2306,248.32,349.26,1,0,244,299.48,Buffet,Weekend,Lunch,222,66.58
1000478,137,129,2826,325.92,327.92,0,0,499,612.1,Delivery,Weekday,Dinner,493,90.48
1000479,103,20,2444,668.33,668.33,0,0,81,87.6,Dine-in,Weekday,Lunch,88,6.6
1000480,68,65,2664,327.89,326.89,0,0,393,420.68,Dine-in,Weekday,Lunch,427,27.68
1000481,30,43,1438,194.0,242.5,0,0,68,77.56,Buffet,Weekday,Dinner,64,11.47
1000482,128,161,1248,146.5,146.5,0,0,27,28.89,Buffet,Weekday,Lunch,27,2.27
1000483,135,97,1109,276.45,328.89,0,0,566,683.89,Dine-in,Weekday,Breakfast,579,117.89
1000484,69,50,1062,175.57,176.57,0,0,216,235.48,Dine-in,Weekend,Dinner,234,19.48
1000485,19,30,2139,435.53,436.53,0,0,14,14.72,Dine-in,Weekday,Lunch,12,0.72
1000486,76,27,2704,244.5,290.03,0,1,176,206.38,Dine-in,Weekend,Breakfast,178,30.38
1000487,8,58,2290,164.96,311.43,0,1,1499,1622.59,Buffet,Weekday,Lunch,1383,148.31
1000489,119,17,1525,291.03,292.03,0,0,134,145.23,Buffet,Weekend,Dinner,142,13.48
1000490,118,30,1571,581.03,581.03,0,0,41,49.95,Buffet,Weekend,Dinner,37,10.74
1000491,39,34,2322,314.28,315.28,0,0,107,124.88,Delivery,Weekday,Breakfast,105,14.3
1000492,49,51,1754,289.12,289.12,0,0,378,440.08,Buffet,Weekend,Breakfast,360,74.5
1000493,125,73,2492,446.23,446.23,0,0,27,30.17,Dine-in,Weekend,Lunch,27,3.17
1000494,78,153,2306,349.26,349.26,0,0,14,16.75,Buffet,Weekday,Lunch,14,3.3
1000495,32,94,1971,242.5,290.06,1,1,2147,2521.03,Delivery,Weekday,Breakfast,2254,299.22
1000496,89,66,1445,707.13,709.13,0,0,67,78.93,Buffet,Weekday,Dinner,63,14.32
1000497,97,55,1571,583.03,581.03,0,0,27,29.98,Delivery,Weekend,Lunch,26,2.38
1000498,139,177,2640,321.13,319.13,0,0,53,56.63,Delivery,Weekend,Lunch,51,2.9
1000499,39,17,1230,458.81,459.81,0,0,27,31.24,Dine-in,Weekday,Dinner,25,4.24
1000500,94,132,2492,387.03,387.03,0,0,27,29.13,Dine-in,Weekday,Lunch,28,2.13
1000501,127,89,2640,291.03,290.03,0,0,108,130.93,Dine-in,Weekday,Dinner,110,22.93
1000503,30,66,2444,658.63,659.63,0,0,53,64.17,Dine-in,Weekday,Dinner,55,11.17
1000504,46,99,1878,280.33,280.33,0,0,41,48.3,Buffet,Weekday,Breakfast,39,8.76
1000507,97,97,1571,583.03,581.03,0,0,163,177.24,Buffet,Weekend,Breakfast,158,17.09
1000508,121,74,1216,416.13,417.13,0,0,28,34.45,Dine-in,Weekday,Breakfast,28,6.45
1000509,139,75,2631,98.03,153.26,0,1,298,316.55,Dine-in,Weekend,Lunch,274,18.55
1000510,65,146,2664,320.16,320.16,0,0,634,721.81,Delivery,Weekday,Lunch,664,70.25
1000511,106,88,1543,473.39,472.39,0,0,109,119.23,Dine-in,Weekday,Lunch,104,10.23
1000514,11,109,1803,182.36,212.43,0,0,283,333.76,Delivery,Weekday,Dinner,271,40.61
1000515,119,132,1878,291.03,291.03,0,0,95,102.45,Buffet,Weekend,Dinner,104,8.94
1000516,127,74,2306,336.62,335.62,0,0,15,16.91,Delivery,Weekday,Dinner,13,1.53
1000517,68,101,1727,447.23,447.23,0,0,393,439.16,Buffet,Weekday,Lunch,411,55.39
1000518,18,99,2494,244.5,242.5,0,0,108,128.49,Dine-in,Weekday,Lunch,115,20.49
1000519,15,34,1247,456.93,455.93,0,0,54,61.84,Dine-in,Weekday,Breakfast,58,7.84
1000520,128,157,1230,363.78,363.78,0,0,190,218.11,Dine-in,Weekday,Lunch,171,28.11
1000521,62,10,2581,438.47,680.03,1,1,298,326.54,Buffet,Weekend,Lunch,325,34.25
1000522,17,83,2306,340.53,338.53,0,0,14,16.84,Dine-in,Weekday,Lunch,15,2.84
1000523,144,109,1198,170.75,226.01,0,0,297,333.76,Buffet,Weekday,Dinner,301,44.11
1000524,118,110,2569,310.43,311.43,0,0,231,260.19,Dine-in,Weekend,Lunch,227,29.19
1000525,119,30,1230,385.12,386.12,0,0,95,110.19,Dine-in,Weekend,Lunch,87,15.19
1000526,70,11,2826,320.13,320.13,0,0,931,1132.98,Dine-in,Weekend,Lunch,989,201.98
1000527,28,104,2444,533.53,619.86,0,0,82,95.81,Dine-in,Weekend,Dinner,83,13.81
1000528,18,102,1754,191.12,275.48,1,1,1743,1864.31,Buffet,Weekday,Dinner,1817,145.57
1000529,106,104,1198,179.45,233.77,0,0,217,237.24,Buffet,Weekday,Lunch,205,24.29
1000530,12,157,2707,190.12,222.16,0,0,244,297.62,Delivery,Weekday,Lunch,239,42.9
1000532,37,17,1438,194.0,257.08,0,0,27,32.44,Delivery,Weekday,Lunch,26,4.35
1000533,85,34,1558,495.67,641.23,1,0,177,215.61,Dine-in,Weekday,Dinner,194,38.61
1000534,68,106,2290,272.63,271.63,0,0,567,667.75,Buffet,Weekday,Dinner,542,120.9
1000535,78,52,1543,486.03,484.03,0,0,95,103.02,Buffet,Weekday,Dinner,86,9.62
1000536,97,113,2539,119.34,120.34,0,0,67,74.6,Delivery,Weekend,Lunch,71,6.08
1000537,23,30,2826,321.13,319.13,0,0,553,598.55,Dine-in,Weekday,Lunch,562,45.55
1000538,37,124,1770,485.03,484.03,0,0,13,14.41,Dine-in,Weekday,Dinner,11,1.41
1000539,102,162,1962,640.23,641.23,0,0,55,65.63,Buffet,Weekday,Lunch,55,12.76
1000540,141,72,1847,194.0,194.0,0,0,94,105.21,Dine-in,Weekday,Dinner,90,11.21
1000541,46,101,2826,272.57,319.13,1,0,285,302.9,Delivery,Weekday,Breakfast,285,14.32
1000542,99,143,1207,290.03,325.98,0,0,27,31.33,Dine-in,Weekday,Lunch,27,4.33
1000543,96,76,2704,243.53,292.03,0,1,123,141.44,Buffet,Weekday,Dinner,131,22.13
1000544,11,30,2704,243.53,291.03,0,1,123,130.23,Dine-in,Weekday,Dinner,112,7.23
1000545,52,86,1445,399.64,630.56,1,0,297,329.59,Delivery,Weekday,Lunch,288,26.07
1000546,71,36,1109,195.94,319.13,0,0,663,819.58,Buffet,Weekday,Dinner,703,187.9
1000547,56,129,2290,271.63,270.63,0,0,621,736.56,Buffet,Weekend,Dinner,594,138.67
1000548,96,20,1962,678.03,679.03,0,0,108,129.0,Buffet,Weekday,Lunch,110,25.2
1000549,133,106,1558,533.53,532.53,0,0,202,216.56,Dine-in,Weekend,Lunch,193,14.56
1000551,11,102,1885,123.25,121.25,0,0,107,119.56,Dine-in,Weekday,Lunch,104,12.56
1000552,48,52,1847,234.8,232.8,0,0,67,79.96,Dine-in,Weekend,Dinner,67,12.96
1000553,134,66,2867,484.03,765.33,1,0,150,172.45,Dine-in,Weekday,Lunch,141,22.45
1000554,27,101,2760,173.63,243.53,0,0,177,191.27,Dine-in,Weekend,Dinner,160,14.27
1000555,41,89,2444,485.03,620.86,1,0,447,498.91,Dine-in,Weekend,Dinner,462,51.91
1000556,47,17,1543,485.03,484.03,0,1,14,15.74,Dine-in,Weekday,Breakfast,13,1.74
1000558,113,152,1770,485.03,486.03,0,0,81,97.93,Dine-in,Weekday,Breakfast,86,16.93
1000559,49,101,1109,321.13,320.13,0,0,379,421.56,Buffet,Weekend,Dinner,395,51.07
1000560,113,94,2539,98.03,98.03,0,0,190,235.47,Dine-in,Weekday,Dinner,203,45.47
1000561,33,113,2704,290.03,290.03,0,0,28,33.45,Buffet,Weekday,Breakfast,25,6.54
1000562,17,137,1198,153.26,154.26,0,0,702,877.23,Dine-in,Weekday,Dinner,754,175.23
1000563,112,27,2956,582.03,582.03,0,0,149,168.2,Dine-in,Weekend,Dinner,160,19.2
1000564,142,162,1778,156.2,176.54,0,0,95,101.03,Dine-in,Weekday,Breakfast,87,6.03
1000565,78,26,2126,513.13,515.13,0,0,67,71.83,Dine-in,Weekday,Dinner,72,4.83
1000566,106,20,2826,327.86,327.86,0,0,231,243.97,Dine-in,Weekday,Dinner,225,12.97
1000567,139,174,1962,549.08,640.23,0,0,447,510.24,Buffet,Weekend,Lunch,490,75.89
1000568,72,102,2290,261.93,261.93,0,0,366,442.71,Buffet,Weekday,Lunch,400,92.05
1000569,104,152,2539,98.0,122.28,1,0,54,62.8,Dine-in,Weekend,Breakfast,53,8.8
1000570,37,73,1109,262.9,296.85,0,0,338,397.89,Dine-in,Weekday,Breakfast,305,59.89
1000571,97,76,2826,243.5,299.76,0,0,472,531.91,Dine-in,Weekend,Lunch,517,59.91
1000572,45,41,1778,166.87,165.87,0,0,80,96.03,Dine-in,Weekday,Breakfast,85,16.03
1000573,62,32,2139,309.49,307.49,0,0,13,15.04,Delivery,Weekend,Breakfast,11,1.63
1000574,57,152,1885,115.43,117.43,0,0,379,452.06,Buffet,Weekday,Dinner,375,87.67
1000575,82,50,2631,154.26,153.26,0,0,40,46.4,Buffet,Weekday,Lunch,40,7.68
1000576,114,186,2956,583.03,581.03,0,0,27,33.61,Buffet,Weekday,Dinner,26,7.93
1000577,38,109,1962,435.59,678.03,1,1,715,851.47,Buffet,Weekday,Breakfast,775,163.76
1000578,109,146,1778,164.9,164.9,0,0,215,247.64,Dine-in,Weekday,Dinner,207,32.64
1000579,4,104,1885,135.86,135.86,0,1,1026,1266.38,Buffet,Weekday,Lunch,1005,288.46
1000580,65,77,1230,323.01,325.01,0,0,68,74.23,Dine-in,Weekday,Lunch,67,6.23
1000581,2,42,1230,321.13,319.13,0,0,95,99.86,Buffet,Weekday,Breakfast,100,5.83
1000582,24,113,1230,317.19,318.19,0,0,96,117.06,Delivery,Weekday,Dinner,98,16.85
1000583,102,66,1525,292.03,290.03,0,0,135,149.09,Dine-in,Weekday,Dinner,128,14.09
1000584,69,42,1878,280.33,280.33,0,0,269,328.68,Buffet,Weekend,Lunch,252,71.62
1000585,8,72,1109,236.74,311.43,0,0,392,437.17,Buffet,Weekday,Lunch,377,54.2
1000587,77,91,1109,309.43,310.43,0,0,81,85.09,Dine-in,Weekend,Lunch,85,4.09
1000588,145,113,1248,150.38,151.38,0,0,53,55.73,Dine-in,Weekday,Lunch,47,2.73
1000589,140,67,2444,727.53,727.53,0,0,82,93.36,Dine-in,Weekend,Lunch,74,11.36
1000590,31,67,1230,376.36,378.36,0,0,161,180.63,Dine-in,Weekday,Dinner,175,19.63
1000591,107,129,2631,145.5,145.5,0,0,54,59.03,Dine-in,Weekday,Dinner,53,5.03
1000593,54,174,2126,438.5,533.53,0,1,82,89.78,Dine-in,Weekday,Dinner,83,7.78
1000594,94,145,2139,288.15,286.15,0,0,95,100.54,Dine-in,Weekday,Dinner,92,5.54
1000596,88,86,1770,486.03,485.03,0,0,27,30.55,Buffet,Weekday,Dinner,27,4.26
1000597,33,99,1971,309.43,309.43,0,0,15,17.88,Dine-in,Weekday,Dinner,14,2.88
1000598,127,13,1993,151.35,150.38,0,1,2213,2491.54,Dine-in,Weekday,Lunch,2382,278.54
1000599,90,39,2569,309.43,309.43,0,0,1094,1233.7,Dine-in,Weekend,Breakfast,1168,139.7
1000600,69,65,2139,242.5,307.49,0,0,27,33.51,Dine-in,Weekend,Dinner,28,6.51
1000601,113,102,1062,154.23,178.54,0,0,445,531.77,Buffet,Weekday,Dinner,430,104.12
1000602,52,109,1993,122.28,143.56,1,1,1203,1296.58,Buffet,Weekday,Breakfast,1199,112.3
1000603,19,129,1727,426.83,425.83,0,0,134,150.91,Dine-in,Weekday,Lunch,141,16.91
1000604,119,24,2306,335.62,336.62,0,0,40,42.56,Buffet,Weekend,Dinner,38,3.07
1000605,95,102,1230,306.58,305.58,0,0,297,366.35,Delivery,Weekday,Lunch,268,55.48
1000606,96,59,1438,196.0,194.0,0,0,28,32.87,Delivery,Weekday,Dinner,30,3.9
1000607,9,59,1558,582.03,582.03,0,0,82,90.01,Dine-in,Weekday,Lunch,80,8.01
1000608,144,11,1847,194.0,195.0,0,0,95,105.83,Dine-in,Weekday,Lunch,93,10.83
1000609,127,91,1109,309.43,311.43,0,0,82,87.24,Delivery,Weekday,Lunch,82,4.19
1000610,20,34,2640,241.53,242.53,0,0,298,329.61,Buffet,Weekend,Dinner,303,37.93
1000611,83,93,2444,629.53,629.53,0,0,14,15.82,Buffet,Weekend,Breakfast,15,2.18
1000612,67,162,2306,243.5,338.53,0,0,15,18.24,Dine-in,Weekday,Lunch,14,3.24
1000613,80,14,1525,241.53,290.03,0,0,136,150.88,Dine-in,Weekday,Dinner,147,14.88
1000614,18,65,1230,317.22,322.07,1,1,338,404.53,Dine-in,Weekday,Lunch,314,66.53
1000615,84,55,1778,185.33,183.33,0,0,231,272.82,Delivery,Weekend,Lunch,220,33.46
1000616,96,53,1248,155.26,153.26,0,0,54,62.35,Delivery,Weekday,Breakfast,52,6.68
1000617,87,36,2956,583.03,583.03,0,0,134,145.88,Dine-in,Weekday,Breakfast,124,11.88
1000618,26,81,1754,282.33,280.33,0,0,366,416.49,Dine-in,Weekday,Dinner,352,50.49
1000619,93,106,2290,262.93,261.93,0,0,743,906.75,Buffet,Weekday,Dinner,681,196.5
1000620,119,113,1525,292.03,291.03,0,0,15,15.76,Dine-in,Weekend,Lunch,14,0.76
1000621,7,58,1207,317.25,315.25,0,0,270,298.17,Dine-in,Weekend,Lunch,260,28.17
1000622,104,64,2569,310.43,309.43,0,0,338,365.51,Buffet,Weekend,Breakfast,326,33.01
1000623,77,177,1885,117.37,118.37,0,0,298,345.18,Delivery,Weekend,Dinner,324,37.74
1000624,2,20,2826,328.83,330.83,0,0,324,386.2,Dine-in,Weekday,Dinner,298,62.2
1000625,104,88,1885,95.06,116.4,1,1,662,699.89,Buffet,Weekend,Breakfast,667,45.47
1000626,134,23,1198,340.53,339.53,0,0,13,13.82,Buffet,Weekday,Lunch,12,0.98
1000627,77,26,2640,281.33,282.33,0,1,108,117.48,Dine-in,Weekend,Lunch,108,9.48
1000628,18,42,1558,640.23,640.23,0,0,13,14.6,Delivery,Weekday,Dinner,13,1.28
1000629,87,101,1445,670.33,668.33,0,0,41,51.16,Delivery,Weekday,Lunch,41,8.13
1000630,1,61,2704,242.5,275.51,0,0,107,130.64,Dine-in,Weekday,Dinner,107,23.64
1000631,17,137,1971,324.04,322.04,0,0,122,137.2,Buffet,Weekday,Lunch,122,18.24
1000632,88,50,1230,322.1,322.1,0,0,123,151.03,Delivery,Weekday,Breakfast,118,22.42
1000633,73,91,2704,244.5,291.03,0,0,14,16.09,Dine-in,Weekday,Lunch,12,2.09
1000634,14,157,1754,252.23,253.23,0,0,350,403.49,Dine-in,Weekend,Lunch,347,53.49
1000636,92,27,2826,299.76,298.76,0,0,364,404.06,Delivery,Weekday,Dinner,328,32.05
1000637,130,161,1207,302.67,368.63,0,0,41,45.34,Buffet,Weekday,Lunch,40,5.21
1000639,80,137,1885,144.56,145.53,0,1,1634,1956.58,Delivery,Weekday,Lunch,1495,258.06
1000640,44,75,1993,122.28,120.28,0,0,568,619.61,Delivery,Weekday,Dinner,593,41.29
1000641,46,72,2707,228.98,227.98,0,0,379,431.67,Delivery,Weekday,Lunch,358,42.14
1000643,81,110,2126,514.13,514.13,0,0,80,91.16,Delivery,Weekday,Dinner,79,8.93
1000644,85,92,1248,94.15,149.38,1,1,310,355.25,Dine-in,Weekday,Dinner,282,45.25
1000645,107,101,2490,281.36,279.36,0,0,285,334.54,Dine-in,Weekday,Breakfast,275,49.54
1000646,129,23,1248,157.17,156.17,0,0,26,27.78,Buffet,Weekday,Breakfast,24,2.14
1000647,71,106,2539,122.25,122.25,0,0,54,59.25,Dine-in,Weekday,Dinner,49,5.25
1000648,91,59,2444,437.53,669.33,1,1,256,306.32,Delivery,Weekend,Lunch,242,40.26
1000650,92,143,2490,243.5,242.5,0,0,161,179.1,Delivery,Weekday,Dinner,147,14.48
1000651,42,139,2490,243.5,243.5,1,1,918,1042.7,Buffet,Weekend,Dinner,952,149.64
1000652,8,53,2704,292.03,292.03,0,1,107,117.81,Delivery,Weekday,Dinner,104,8.65
1000653,122,129,1727,447.23,445.23,0,0,177,187.0,Delivery,Weekday,Dinner,171,8.0
1000654,135,104,1754,300.73,299.73,0,0,701,778.11,Delivery,Weekday,Dinner,745,61.69
1000655,121,30,2707,237.65,239.65,0,0,744,892.85,Delivery,Weekday,Dinner,730,119.08
1000656,114,83,2490,292.03,290.03,0,0,163,199.6,Buffet,Weekday,Lunch,169,43.92
1000657,42,66,2707,219.22,219.22,0,0,270,297.68,Dine-in,Weekend,Dinner,289,27.68
1000658,66,143,1885,123.25,122.25,0,0,148,167.77,Buffet,Weekday,Lunch,140,23.72
1000659,94,67,1311,195.94,196.94,0,0,177,220.76,Buffet,Weekday,Lunch,184,52.51
1000660,128,104,2867,688.73,688.73,0,0,55,63.63,Dine-in,Weekday,Lunch,57,8.63
1000661,93,143,2139,291.03,290.03,0,0,42,49.42,Buffet,Weekday,Lunch,41,8.9
1000663,12,113,1993,115.49,115.49,0,0,338,380.43,Delivery,Weekday,Lunch,323,33.94
1000664,94,17,2581,679.03,680.03,0,0,94,103.03,Dine-in,Weekday,Lunch,96,9.03
1000665,35,152,2290,298.76,300.76,0,0,796,877.46,Dine-in,Weekend,Dinner,739,81.46
1000667,27,20,2290,309.43,311.43,0,0,162,182.92,Dine-in,Weekend,Dinner,172,20.92
1000668,91,17,1727,340.53,445.23,0,0,351,419.15,Dine-in,Weekend,Lunch,361,68.15
1000669,77,14,2290,309.49,309.49,0,0,188,205.93,Dine-in,Weekend,Dinner,172,17.93
1000670,48,77,1558,640.23,641.23,0,0,41,49.99,Dine-in,Weekend,Lunch,43,8.99
1000671,110,145,1207,309.43,310.43,0,0,310,383.0,Dine-in,Weekday,Dinner,330,73.0
1000672,43,57,1778,179.51,178.51,0,0,202,247.81,Dine-in,Weekday,Breakfast,216,45.81
1000673,34,77,1207,321.07,322.07,0,0,202,237.84,Delivery,Weekend,Lunch,217,28.67
1000674,2,14,1216,456.93,456.93,0,0,14,15.93,Dine-in,Weekday,Dinner,14,1.93
1000675,40,58,2139,298.82,297.82,0,0,14,14.93,Buffet,Weekday,Dinner,13,1.12
1000676,112,51,1885,148.44,149.44,0,0,513,611.82,Dine-in,Weekend,Breakfast,492,98.82
1000677,72,186,2290,240.59,239.59,0,0,528,599.96,Dine-in,Weekday,Dinner,478,71.96
1000678,145,102,1109,276.48,277.48,0,0,109,118.55,Dine-in,Weekday,Lunch,117,9.55
1000679,119,68,1525,292.03,291.03,0,0,94,104.56,Dine-in,Weekend,Lunch,90,10.56
1000680,26,162,1247,485.03,486.03,0,0,15,17.29,Delivery,Weekday,Lunch,13,1.83
1000681,16,67,1962,610.13,610.13,0,0,204,221.41,Delivery,Weekday,Lunch,223,13.93
1000682,119,97,2640,281.33,281.33,0,0,270,303.61,Delivery,Weekend,Lunch,270,26.89
1000683,143,43,1230,383.18,382.18,0,0,242,289.04,Dine-in,Weekday,Dinner,260,47.04
1000684,49,161,1727,403.55,404.55,0,0,202,218.05,Dine-in,Weekend,Lunch,186,16.05
1000686,11,39,1543,505.43,504.43,0,0,40,48.92,Dine-in,Weekday,Dinner,38,8.92
1000687,9,106,2707,221.16,221.16,0,0,271,338.41,Dine-in,Weekday,Dinner,276,67.41
1000688,111,32,1878,281.33,280.33,0,0,68,83.71,Buffet,Weekend,Breakfast,69,18.85
1000689,105,66,1878,281.33,282.33,0,0,365,398.08,Delivery,Weekend,Breakfast,351,26.46
1000690,133,101,2760,242.53,242.53,0,0,27,30.26,Dine-in,Weekend,Lunch,25,3.26
1000691,68,14,2704,290.03,290.03,0,0,55,61.05,Dine-in,Weekday,Lunch,56,6.05
1000692,83,57,2539,118.34,118.34,0,0,54,63.92,Delivery,Weekend,Breakfast,58,7.94
1000693,122,27,1311,271.63,272.63,0,0,69,72.66,Dine-in,Weekday,Dinner,68,3.66
1000694,7,52,1198,198.88,197.88,0,0,284,316.8,Buffet,Weekend,Dinner,299,39.36
1000695,61,139,2707,222.13,222.13,0,0,95,99.99,Dine-in,Weekday,Dinner,90,4.99
1000696,65,88,2867,484.03,631.53,1,0,54,60.15,Delivery,Weekday,Lunch,49,4.92
1000697,55,64,1207,315.28,314.28,0,0,94,110.46,Dine-in,Weekend,Dinner,102,16.46
1000699,114,76,2306,243.5,359.93,1,1,81,85.25,Dine-in,Weekday,Lunch,76,4.25
1000700,26,89,2490,254.2,253.2,0,0,204,218.39,Buffet,Weekday,Breakfast,202,17.27
1000701,119,162,1062,183.33,183.33,0,0,96,110.94,Dine-in,Weekend,Lunch,100,14.94
1000702,106,124,2569,304.64,304.64,0,0,393,487.05,Delivery,Weekday,Lunch,400,75.24
1000703,56,106,1727,402.55,403.55,0,0,148,177.19,Delivery,Weekend,Dinner,142,23.35
1000704,76,42,2956,631.53,631.53,0,0,40,49.43,Dine-in,Weekend,Lunch,42,9.43
1000705,30,27,1803,162.05,189.18,0,0,270,319.99,Buffet,Weekday,Lunch,271,59.99
1000706,102,80,1109,298.82,298.82,0,0,338,381.39,Buffet,Weekday,Lunch,368,52.07
1000707,79,61,1109,305.61,305.61,0,0,283,304.34,Dine-in,Weekday,Breakfast,280,21.34
1000708,60,20,1216,408.43,407.43,0,0,26,27.72,Dine-in,Weekday,Lunch,27,1.72
1000709,42,93,1062,175.6,176.6,0,0,404,445.41,Dine-in,Weekend,Lunch,422,41.41
1000710,77,174,1993,144.53,146.53,0,1,1675,1987.68,Buffet,Weekend,Dinner,1585,375.22
1000711,129,64,1993,119.34,119.34,0,0,136,156.22,Buffet,Weekday,Dinner,123,24.26
1000713,84,137,1207,373.48,466.63,0,0,134,154.4,Buffet,Weekend,Dinner,145,24.48
1000714,39,43,1216,367.63,368.63,0,0,94,100.15,Dine-in,Weekday,Dinner,85,6.15
1000715,11,83,1525,242.53,281.33,0,0,122,147.01,Buffet,Weekday,Lunch,133,30.01
1000716,35,61,2290,293.94,294.94,0,0,757,874.04,Delivery,Weekend,Dinner,812,93.63
1000717,51,129,1445,631.53,630.53,0,0,54,59.32,Buffet,Weekday,Lunch,56,6.38
1000719,84,109,1558,484.03,679.03,1,1,351,408.82,Dine-in,Weekend,Dinner,371,57.82
1000720,123,59,2577,241.53,290.03,0,0,217,242.42,Dine-in,Weekday,Lunch,201,25.42
1000721,72,51,1311,197.94,197.94,0,0,177,189.99,Delivery,Weekday,Lunch,159,10.39
1000722,139,57,1207,359.93,357.93,0,0,177,213.96,Delivery,Weekend,Breakfast,166,29.57
1000723,8,58,1525,282.33,280.33,0,0,41,48.47,Dine-in,Weekday,Breakfast,43,7.47
1000724,21,97,2704,260.02,259.02,0,0,204,247.47,Dine-in,Weekend,Dinner,222,43.47
1000725,50,126,1438,240.56,242.56,0,0,176,215.52,Dine-in,Weekday,Lunch,168,39.52
1000726,101,124,2444,435.53,670.33,1,1,310,385.22,Dine-in,Weekday,Dinner,305,75.22
1000727,4,161,2577,241.53,243.53,0,0,148,165.34,Dine-in,Weekday,Dinner,154,17.34
1000728,95,104,2490,268.69,268.69,0,0,216,260.62,Delivery,Weekday,Lunch,194,35.7
1000729,20,145,1216,416.13,416.13,0,0,54,65.85,Dine-in,Weekend,Lunch,56,11.85
1000730,120,81,1778,172.72,170.72,0,0,202,235.26,Delivery,Weekday,Lunch,197,26.61
1000731,90,57,2126,426.83,513.13,0,0,42,50.88,Dine-in,Weekend,Lunch,45,8.88
1000732,77,57,2640,281.33,282.33,0,0,26,31.99,Buffet,Weekend,Dinner,28,7.19
1000733,8,110,1993,94.15,120.34,1,0,879,944.79,Delivery,Weekday,Breakfast,953,52.63
1000735,134,162,1902,445.23,447.23,0,0,15,18.34,Buffet,Weekday,Dinner,14,4.01
1000736,40,58,2490,242.5,244.5,0,0,323,369.76,Dine-in,Weekday,Dinner,341,46.76
1000737,35,13,1770,486.03,485.03,0,0,69,80.06,Buffet,Weekend,Lunch,66,13.27
1000738,95,94,1971,289.06,291.06,0,0,215,264.83,Delivery,Weekday,Dinner,208,39.86
1000739,10,68,1993,106.7,108.7,0,0,352,425.55,Buffet,Weekday,Dinner,344,88.26
1000740,124,132,1847,194.0,195.0,0,0,107,126.57,Dine-in,Weekday,Dinner,100,19.57
1000741,27,64,1885,119.37,119.37,0,0,325,346.39,Buffet,Weekend,Dinner,338,25.67
1000742,141,162,1207,357.96,357.96,0,0,136,144.92,Delivery,Weekday,Dinner,149,7.14
1000743,38,99,1558,433.59,678.03,1,0,1081,1193.17,Buffet,Weekday,Lunch,1130,134.6
1000744,109,75,1902,447.23,445.23,0,0,14,17.28,Buffet,Weekday,Dinner,13,3.94
1000745,71,34,2322,321.07,321.07,0,0,163,193.46,Buffet,Weekday,Breakfast,166,36.55
1000746,20,83,1754,281.33,282.33,0,0,419,475.83,Buffet,Weekend,Breakfast,395,68.2
1000747,2,152,1543,504.43,505.43,0,0,68,82.28,Dine-in,Weekday,Lunch,72,14.28
1000749,68,72,2290,286.15,288.15,0,0,473,581.07,Dine-in,Weekday,Lunch,473,108.07
1000750,136,113,1971,323.07,323.07,0,0,458,537.54,Buffet,Weekday,Lunch,450,95.45
1000751,102,11,1445,668.33,669.33,0,0,134,147.13,Delivery,Weekday,Breakfast,126,10.5
1000752,110,162,1727,376.39,375.39,0,0,163,184.12,Buffet,Weekday,Dinner,176,25.34
1000753,39,186,1885,93.12,93.12,0,0,554,651.58,Delivery,Weekday,Dinner,564,78.06
1000754,50,75,1962,641.23,639.23,0,0,81,85.46,Dine-in,Weekday,Breakfast,73,4.46
1000755,84,23,1525,292.03,290.03,0,0,95,114.8,Buffet,Weekend,Lunch,98,23.76
1000756,130,55,1198,185.3,228.01,0,0,148,182.52,Dine-in,Weekday,Dinner,142,34.52
1000757,103,77,2631,94.09,154.26,0,0,41,50.6,Delivery,Weekday,Lunch,38,7.68
1000758,71,65,1247,416.13,417.13,0,0,40,47.12,Dine-in,Weekday,Lunch,42,7.12
1000759,67,91,1109,229.95,319.13,0,0,95,101.23,Buffet,Weekday,Dinner,102,7.48
1000760,124,59,1248,97.0,153.26,0,0,150,183.47,Delivery,Weekday,Dinner,164,26.78
1000761,41,108,2867,485.03,620.86,1,1,339,418.25,Dine-in,Weekend,Lunch,316,79.25
1000762,102,10,1230,320.1,321.1,0,0,244,289.84,Buffet,Weekday,Lunch,233,55.01
1000763,81,72,2539,145.5,146.53,0,1,216,264.66,Delivery,Weekday,Dinner,204,38.93
1000764,28,110,1993,118.34,120.34,0,0,500,620.44,Buffet,Weekend,Lunch,485,144.53
1000765,143,94,1878,319.13,321.13,0,0,27,28.85,Dine-in,Weekday,Dinner,25,1.85
1000767,98,93,2490,244.5,244.5,0,0,162,198.57,Dine-in,Weekend,Lunch,177,36.57
1000768,50,129,2581,641.23,640.23,0,0,68,74.83,Dine-in,Weekday,Lunch,71,6.83
1000769,119,174,2631,155.26,153.26,0,0,203,235.27,Dine-in,Weekend,Lunch,201,32.27
1000770,28,52,1727,445.23,447.23,0,0,486,515.44,Delivery,Weekend,Breakfast,464,23.55
1000771,14,129,2760,198.88,232.83,0,0,135,159.77,Buffet,Weekend,Lunch,128,29.72
1000773,113,67,2306,248.35,359.93,1,1,296,326.57,Dine-in,Weekday,Lunch,315,30.57
1000774,120,174,2104,583.03,581.03,0,0,136,148.15,Buffet,Weekday,Lunch,135,14.58
1000775,119,108,2290,266.75,299.73,1,0,1970,2419.27,Dine-in,Weekend,Breakfast,1815,449.27
1000776,8,94,1525,282.33,280.33,0,0,15,17.21,Dine-in,Weekday,Dinner,15,2.21
1000777,118,76,2539,150.35,152.35,0,0,149,164.57,Dine-in,Weekend,Dinner,159,15.57
1000778,109,146,2126,486.94,486.94,0,0,96,114.61,Delivery,Weekday,Lunch,91,14.89
1000779,110,23,2490,291.03,290.03,0,0,161,200.14,Buffet,Weekday,Dinner,154,46.97
1000780,55,186,1778,176.6,174.6,0,0,80,96.39,Buffet,Weekend,Dinner,87,19.67
1000781,111,20,1216,340.5,388.03,0,0,67,70.86,Buffet,Weekend,Lunch,71,4.63
1000782,51,23,2539,125.19,143.59,0,1,175,192.56,Buffet,Weekday,Dinner,167,21.07
1000783,139,83,2826,326.92,326.92,0,0,445,543.5,Dine-in,Weekend,Breakfast,438,98.5
1000784,122,59,1207,513.13,514.13,0,0,54,66.85,Delivery,Weekday,Lunch,51,10.28
1000785,117,174,2322,379.27,492.82,0,0,257,290.53,Buffet,Weekday,Dinner,246,40.24
1000786,16,14,1770,485.03,485.03,0,0,13,14.55,Buffet,Weekday,Lunch,14,1.86
1000787,112,76,2640,291.03,292.03,0,0,14,16.6,Buffet,Weekend,Lunch,13,3.12
1000788,66,27,2139,290.03,290.03,0,0,55,60.81,Dine-in,Weekday,Dinner,59,5.81
1000789,65,129,1727,427.83,425.83,0,0,283,309.5,Buffet,Weekday,Breakfast,289,31.8
1000791,3,106,1543,505.43,505.43,0,0,15,18.06,Dine-in,Weekday,Lunch,15,3.06
1000792,118,50,1230,322.04,322.04,0,0,242,263.98,Delivery,Weekend,Dinner,238,17.58
1000793,43,80,1727,445.23,445.23,0,0,594,646.97,Buffet,Weekday,Lunch,650,63.56
1000794,44,67,1962,678.03,680.03,0,0,445,550.73,Delivery,Weekday,Lunch,413,84.58
1000795,40,43,2322,450.08,450.08,0,0,163,185.44,Buffet,Weekday,Breakfast,177,26.93
1000798,46,145,1230,317.22,317.22,0,0,459,558.9,Dine-in,Weekday,Dinner,475,99.9
1000799,10,10,1803,129.04,175.63,0,0,203,236.91,Dine-in,Weekday,Breakfast,203,33.91
1000800,115,143,1445,709.13,709.13,0,0,41,47.13,Dine-in,Weekday,Lunch,41,6.13
1000801,81,30,1885,144.53,144.53,0,0,1054,1209.31,Dine-in,Weekday,Lunch,1134,155.31
1000802,109,126,1248,154.26,155.26,0,0,55,67.87,Buffet,Weekday,Lunch,54,15.44
1000803,34,14,2640,280.33,282.33,0,0,80,84.06,Buffet,Weekend,Lunch,81,4.87
1000804,138,80,2304,371.54,486.03,1,0,82,86.13,Buffet,Weekday,Lunch,84,4.96
1000805,69,50,1525,291.03,292.03,0,0,107,126.7,Dine-in,Weekend,Dinner,100,19.7
1000806,70,92,1885,115.43,115.43,0,0,96,118.83,Dine-in,Weekend,Lunch,95,22.83
1000807,120,20,2867,688.73,688.73,0,0,82,91.09,Dine-in,Weekday,Dinner,88,9.09
1000808,4,65,1543,484.03,484.03,0,1,94,112.86,Delivery,Weekday,Lunch,89,15.09
1000809,111,32,2306,340.53,340.53,0,0,53,60.85,Dine-in,Weekend,Dinner,53,7.85
1000810,35,11,1971,311.43,310.43,0,0,514,633.72,Delivery,Weekend,Lunch,523,95.78
1000811,36,81,2322,319.13,319.13,0,0,271,312.66,Delivery,Weekday,Breakfast,293,33.33
1000812,34,129,1971,259.99,258.99,0,0,229,257.42,Buffet,Weekend,Lunch,215,34.1
1000813,6,66,1525,282.33,281.33,0,0,26,32.23,Dine-in,Weekend,Dinner,24,6.23
1000814,118,81,1248,155.26,153.26,0,0,68,80.33,Dine-in,Weekend,Lunch,71,12.33
1000815,96,143,1109,318.16,320.16,0,0,296,313.28,Dine-in,Weekday,Breakfast,306,17.28
1000816,120,132,2640,291.03,291.03,0,0,202,213.19,Buffet,Weekday,Lunch,219,13.43
1000817,77,174,2581,679.03,680.03,0,0,68,83.44,Dine-in,Weekend,Lunch,61,15.44
1000818,85,93,2569,311.43,310.43,0,0,243,283.36,Dine-in,Weekday,Lunch,254,40.36
1000819,42,129,1207,324.98,325.98,0,0,69,85.46,Dine-in,Weekend,Dinner,70,16.46
1000820,145,76,2826,377.33,377.33,0,0,243,261.73,Dine-in,Weekday,Lunch,242,18.73
1000821,82,106,1885,119.31,120.31,0,0,607,642.33,Buffet,Weekday,Dinner,569,42.4
1000822,117,108,2867,688.73,688.73,0,0,121,151.04,Dine-in,Weekday,Lunch,131,30.04
1000823,3,68,1885,97.03,115.49,0,1,528,608.22,Buffet,Weekday,Dinner,541,96.26
1000825,64,126,2631,151.35,150.35,0,0,68,73.88,Buffet,Weekday,Lunch,65,7.06
1000826,89,73,1109,287.12,321.13,0,0,136,167.38,Dine-in,Weekday,Dinner,148,31.38
1000827,113,137,2290,301.73,300.73,0,0,971,1048.57,Dine-in,Weekday,Dinner,905,77.57
1000828,53,72,1525,291.03,292.03,0,0,149,165.92,Buffet,Weekday,Breakfast,138,20.3
1000829,79,30,1571,582.03,582.03,0,0,53,57.79,Dine-in,Weekday,Lunch,58,4.79
1000830,36,86,2826,318.19,318.19,0,0,392,463.5,Buffet,Weekday,Lunch,380,85.8
1000832,79,30,2304,484.03,485.03,0,0,82,95.93,Dine-in,Weekday,Breakfast,79,13.93
1000833,100,65,1230,302.64,303.64,0,0,188,220.08,Buffet,Weekday,Dinner,203,38.5
1000834,59,59,2539,146.53,144.53,0,0,460,507.07,Dine-in,Weekday,Lunch,460,47.07
1000835,41,77,2306,243.5,338.53,0,0,41,50.59,Buffet,Weekend,Breakfast,38,11.51
1000836,71,57,2631,95.09,150.38,0,0,80,85.84,Dine-in,Weekday,Dinner,85,5.84
1000837,98,61,1247,446.23,445.23,0,0,13,14.95,Delivery,Weekend,Lunch,11,1.56
1000838,28,29,1230,319.16,318.16,0,0,244,264.74,Dine-in,Weekend,Dinner,223,20.74
1000839,16,55,1207,319.19,388.0,0,1,269,328.06,Buffet,Weekday,Lunch,270,70.87
1000840,82,11,1962,679.03,680.03,0,0,231,275.22,Buffet,Weekday,Dinner,251,53.06
1000841,2,143,1558,583.03,610.13,1,1,80,90.17,Dine-in,Weekday,Lunch,82,10.17
1000842,28,146,1878,280.33,282.33,0,0,649,796.4,Delivery,Weekend,Dinner,629,117.92
1000843,49,88,1754,215.4,282.33,0,0,824,969.89,Buffet,Weekend,Dinner,885,175.07
1000844,83,66,2306,338.53,338.53,0,0,26,31.64,Delivery,Weekend,Breakfast,26,4.51
1000847,100,57,2322,315.25,316.25,0,0,204,250.34,Delivery,Weekday,Lunch,189,37.07
1000848,143,36,2539,150.35,152.35,0,0,242,264.02,Dine-in,Weekday,Lunch,258,22.02
1000849,62,110,2707,216.31,217.31,0,0,202,233.72,Buffet,Weekend,Breakfast,199,38.06
1000850,81,157,1062,174.66,173.66,0,0,364,389.55,Delivery,Weekday,Breakfast,363,20.44
1000851,88,14,2139,308.49,308.49,0,0,28,31.64,Buffet,Weekday,Breakfast,29,4.37
1000852,136,152,1230,313.37,368.63,0,0,55,61.51,Dine-in,Weekday,Lunch,56,6.51
1000853,42,68,2322,324.98,325.98,0,0,68,74.99,Buffet,Weekend,Lunch,64,8.39
1000854,7,51,1878,245.47,282.33,0,1,229,241.34,Dine-in,Weekend,Breakfast,224,12.34
1000855,116,74,2631,155.26,155.26,0,0,13,14.36,Dine-in,Weekday,Dinner,12,1.36
1000856,60,89,2304,461.72,463.72,0,0,53,59.64,Delivery,Weekday,Lunch,56,5.31
1000857,106,14,1878,291.03,290.03,0,0,40,47.26,Dine-in,Weekday,Lunch,40,7.26
1000858,35,186,2539,95.06,97.06,0,0,148,161.49,Dine-in,Weekend,Dinner,136,13.49
1000859,74,14,2664,321.13,321.13,0,0,244,292.01,Delivery,Weekday,Lunch,266,38.41
1000860,48,132,1311,144.56,239.59,0,0,269,284.03,Dine-in,Weekend,Lunch,275,15.03
1000861,122,94,1878,282.33,280.33,0,0,54,61.73,Dine-in,Weekday,Lunch,54,7.73
1000862,141,97,1247,445.23,446.23,0,0,14,17.28,Buffet,Weekday,Dinner,12,3.94
1000863,46,113,1230,318.19,319.19,0,0,202,227.66,Delivery,Weekday,Breakfast,208,20.53
1000864,37,27,1885,144.56,135.83,0,1,1175,1333.92,Buffet,Weekday,Dinner,1094,190.7
1000865,51,36,1878,280.33,282.33,0,0,175,187.63,Delivery,Weekday,Dinner,184,10.1
1000866,87,145,2306,243.5,349.23,0,0,55,61.7,Delivery,Weekday,Breakfast,50,5.36
1000867,38,24,2760,242.53,242.53,0,0,204,230.39,Buffet,Weekday,Lunch,217,31.67
1000868,73,67,1198,134.83,208.61,0,0,256,283.01,Dine-in,Weekday,Lunch,240,27.01
1000869,42,137,2322,373.51,459.81,0,0,161,200.73,Buffet,Weekend,Dinner,153,47.68
1000870,95,89,2322,323.98,374.48,0,0,123,129.17,Dine-in,Weekday,Dinner,131,6.17
1000871,134,94,2826,325.92,326.92,0,0,323,347.72,Delivery,Weekday,Breakfast,353,19.78
1000872,85,132,2867,670.33,669.33,0,0,26,29.42,Buffet,Weekday,Breakfast,24,4.1
1000873,115,27,2304,473.39,472.39,0,0,41,49.79,Dine-in,Weekday,Dinner,41,8.79
1000874,35,83,1062,161.08,160.08,0,0,540,600.89,Dine-in,Weekend,Lunch,491,60.89
1000875,69,67,1778,181.39,181.39,0,0,285,332.91,Dine-in,Weekend,Dinner,311,47.91
1000876,13,94,2304,505.43,505.43,0,0,27,29.51,Delivery,Weekend,Lunch,25,2.01
1000877,84,146,2126,514.13,514.13,0,0,176,216.43,Buffet,Weekend,Breakfast,180,48.52
1000878,15,157,1727,320.13,319.13,0,0,473,538.54,Dine-in,Weekday,Breakfast,473,65.54
1000879,41,149,2322,321.1,322.1,0,0,134,147.53,Delivery,Weekend,Lunch,124,10.82
1000880,14,104,1878,280.33,281.33,0,0,149,159.46,Buffet,Weekend,Breakfast,151,12.55
1000881,4,102,2539,120.28,121.25,0,1,161,187.2,Dine-in,Weekday,Dinner,161,26.2
1000882,4,23,1770,339.53,484.03,0,0,13,14.86,Dine-in,Weekday,Dinner,12,1.86
1000883,32,129,1445,709.13,709.13,0,0,40,47.68,Delivery,Weekday,Lunch,38,6.14
1000884,49,174,2581,679.03,679.03,0,0,217,233.37,Buffet,Weekend,Breakfast,205,19.64
1000885,122,43,2290,279.36,311.37,0,0,1931,2054.74,Buffet,Weekday,Breakfast,1746,148.49
1000886,92,153,1109,298.76,298.76,0,0,379,413.05,Dine-in,Weekday,Dinner,393,34.05
1000887,86,65,2539,96.03,119.31,1,0,202,230.07,Buffet,Weekday,Lunch,199,33.68
1000888,129,10,2494,195.0,194.0,0,0,150,183.9,Delivery,Weekday,Dinner,147,27.12
1000889,17,68,1062,158.17,177.54,0,0,217,264.82,Dine-in,Weekday,Lunch,233,47.82
1000891,124,30,1847,195.0,195.0,0,0,40,49.76,Dine-in,Weekday,Breakfast,38,9.76
1000892,45,76,1248,150.35,152.35,0,0,69,83.29,Dine-in,Weekday,Dinner,75,14.29
1000893,74,106,2322,305.55,384.15,0,1,595,656.02,Delivery,Weekday,Lunch,634,48.82
1000894,37,72,1207,476.33,476.33,0,0,27,31.03,Dine-in,Weekday,Breakfast,25,4.03
1000895,93,83,2492,445.23,445.23,0,0,42,45.01,Buffet,Weekday,Breakfast,40,3.61
1000896,37,50,1247,484.03,484.03,0,0,80,85.08,Dine-in,Weekday,Breakfast,76,5.08
1000897,98,129,2707,193.09,192.09,0,0,271,338.14,Dine-in,Weekend,Lunch,273,67.14
1000898,107,64,1207,278.39,314.31,0,1,229,270.9,Dine-in,Weekday,Lunch,208,41.9
1000899,73,89,2826,349.23,350.23,0,0,688,759.3,Dine-in,Weekday,Dinner,681,71.3
1000900,30,102,1558,641.23,641.23,0,0,55,66.12,Delivery,Weekday,Lunch,55,8.9
1000901,140,137,2306,212.49,335.62,1,0,82,96.91,Dine-in,Weekend,Dinner,84,14.91
1000902,1,30,1993,135.83,152.35,0,1,1283,1497.71,Dine-in,Weekday,Dinner,1344,214.71
1000903,76,108,1109,301.73,299.73,0,0,838,1009.97,Delivery,Weekend,Dinner,800,137.58
1000904,72,157,1778,164.9,164.9,0,0,54,65.05,Delivery,Weekday,Breakfast,55,8.84
1000905,15,91,1971,322.04,323.04,0,0,28,29.65,Buffet,Weekday,Dinner,26,1.98
1000906,36,23,1778,163.99,184.33,0,0,690,746.74,Delivery,Weekday,Lunch,622,45.39
1000908,89,30,1198,179.45,319.13,0,0,217,248.65,Buffet,Weekday,Dinner,236,37.98
1000909,124,43,2577,242.53,292.03,0,0,135,168.18,Dine-in,Weekday,Lunch,130,33.18
1000911,115,137,1198,183.33,184.33,0,0,539,638.01,Buffet,Weekday,Lunch,549,118.81
1000912,41,177,2581,639.23,641.23,0,0,67,78.57,Dine-in,Weekend,Lunch,68,11.57
1000913,82,80,2640,292.03,290.03,0,1,67,77.66,Dine-in,Weekday,Dinner,65,10.66
1000915,38,74,1971,274.51,275.51,0,0,378,469.38,Delivery,Weekday,Breakfast,397,73.1
1000918,96,65,1878,282.33,281.33,0,0,391,447.89,Dine-in,Weekday,Breakfast,371,56.89
1000919,144,32,2760,184.36,262.93,0,0,28,33.0,Dine-in,Weekday,Breakfast,28,5.0
1000920,112,11,1438,242.5,244.5,0,0,40,44.76,Dine-in,Weekend,Dinner,36,4.76
1000921,16,74,1885,123.25,123.25,0,0,161,195.72,Dine-in,Weekday,Breakfast,172,34.72
1000922,66,52,1571,629.53,631.53,0,0,26,31.92,Delivery,Weekday,Lunch,28,4.74
1000923,76,152,1247,446.23,446.23,0,0,13,15.32,Dine-in,Weekend,Lunch,14,2.32
1000924,114,81,2569,283.3,281.3,0,0,324,341.61,Dine-in,Weekday,Breakfast,341,17.61
1000925,100,27,2704,290.03,290.03,0,1,203,244.73,Buffet,Weekday,Dinner,202,50.08
1000926,18,57,1878,242.53,242.53,0,0,42,47.33,Dine-in,Weekday,Breakfast,40,5.33
1000927,67,68,1993,123.25,122.25,0,0,392,417.13,Dine-in,Weekday,Lunch,416,25.13
1000928,64,108,2956,629.53,630.53,0,0,26,27.99,Dine-in,Weekday,Dinner,28,1.99
1000929,137,42,2492,455.93,454.93,0,0,68,82.5,Delivery,Weekday,Lunch,61,11.6
1000930,14,72,2444,620.86,619.86,0,0,41,47.87,Delivery,Weekend,Dinner,38,5.5
1000931,129,61,1248,155.26,153.26,0,0,55,66.29,Dine-in,Weekday,Lunch,55,11.29
1000932,100,174,1993,150.41,145.53,0,1,1432,1760.55,Dine-in,Weekday,Dinner,1546,328.55
1000933,126,17,2640,291.03,290.03,0,0,162,189.77,Dine-in,Weekend,Breakfast,152,27.77
1000934,76,186,2322,321.07,323.07,0,0,229,283.43,Dine-in,Weekend,Lunch,216,54.43
1000935,7,152,2760,231.83,233.83,0,0,135,151.19,Buffet,Weekend,Dinner,122,19.43
1000937,122,110,2490,243.5,242.5,0,0,270,320.03,Delivery,Weekday,Breakfast,285,40.02
1000939,131,20,2490,292.03,290.03,0,0,163,186.64,Dine-in,Weekday,Lunch,179,23.64
1000940,58,132,2126,532.53,533.53,0,0,68,71.96,Buffet,Weekday,Dinner,70,4.75
1000941,61,101,2490,254.2,252.2,0,0,339,379.65,Dine-in,Weekday,Dinner,333,40.65
1000942,85,83,1902,445.23,445.23,0,0,26,31.69,Delivery,Weekday,Dinner,26,4.55
1000943,135,42,2760,262.93,260.93,0,0,82,97.3,Buffet,Weekday,Dinner,81,18.36
1000944,93,67,1847,195.0,225.07,0,0,95,111.96,Buffet,Weekday,Lunch,102,20.35
1000945,118,42,2956,581.03,581.03,0,0,108,123.12,Buffet,Weekend,Dinner,116,18.14
1000946,145,93,2490,279.36,279.36,0,0,175,191.77,Dine-in,Weekday,Breakfast,175,16.77
1000947,79,30,2640,291.03,290.03,0,0,244,297.87,Dine-in,Weekday,Breakfast,257,53.87
1000948,85,81,2290,238.62,239.62,0,0,823,932.82,Dine-in,Weekday,Dinner,851,109.82
1000949,10,113,2867,435.53,658.63,1,0,190,220.96,Dine-in,Weekday,Breakfast,206,30.96
1000950,125,42,1230,323.01,324.01,0,0,204,228.21,Dine-in,Weekend,Lunch,187,24.21
1000951,44,43,2444,618.86,619.86,0,0,258,320.4,Dine-in,Weekday,Lunch,256,62.4
1000952,104,153,2826,329.86,327.86,0,0,297,367.15,Dine-in,Weekend,Breakfast,285,70.15
1000953,99,93,1727,404.55,402.55,0,0,231,260.38,Buffet,Weekday,Lunch,252,35.26
1000955,99,41,2490,281.36,279.36,0,0,82,90.64,Dine-in,Weekday,Lunch,80,8.64
1000956,51,65,1902,486.03,485.03,0,0,14,16.13,Buffet,Weekday,Dinner,14,2.56
1000957,93,55,2569,310.46,308.46,0,0,54,67.09,Dine-in,Weekday,Breakfast,58,13.09
1000958,127,77,2569,339.53,339.53,0,0,487,576.86,Delivery,Weekday,Dinner,515,71.89
1000959,14,64,2826,328.86,329.86,0,0,258,295.25,Dine-in,Weekend,Lunch,261,37.25
1000960,60,137,2664,286.15,336.65,0,0,730,841.61,Dine-in,Weekday,Lunch,766,111.61
1000961,25,161,2539,95.06,96.06,0,0,161,174.71,Dine-in,Weekday,Lunch,172,13.71
1000963,9,89,2492,388.03,388.03,0,0,27,32.58,Dine-in,Weekday,Breakfast,28,5.58
1000964,93,149,1216,339.5,436.53,0,0,95,112.35,Dine-in,Weekday,Lunch,87,17.35
1000965,51,75,2867,629.53,629.53,0,0,14,15.08,Dine-in,Weekday,Breakfast,12,1.08
1000966,3,93,1878,243.53,242.53,0,0,161,194.46,Dine-in,Weekday,Lunch,175,33.46
1000968,81,81,2577,280.33,282.33,0,0,96,114.24,Delivery,Weekday,Dinner,87,14.59
1000969,118,106,1885,118.4,118.4,0,0,620,716.99,Buffet,Weekend,Dinner,600,116.39
1000970,145,17,1445,728.53,728.53,0,0,13,14.74,Delivery,Weekday,Dinner,13,1.39
1000971,63,83,2577,282.33,281.33,0,0,41,47.72,Dine-in,Weekend,Lunch,37,6.72
1000972,37,113,1525,243.5,242.5,0,0,26,28.44,Buffet,Weekday,Lunch,27,2.93
1000973,60,76,1109,178.48,321.13,0,0,460,535.66,Dine-in,Weekday,Dinner,419,75.66
1000974,116,13,1216,417.13,418.13,0,0,135,159.27,Buffet,Weekday,Breakfast,130,29.12
1000975,92,11,2304,485.03,485.03,0,0,80,84.69,Delivery,Weekday,Dinner,83,3.75
1000976,40,51,2494,195.0,256.08,0,0,80,91.15,Delivery,Weekday,Lunch,80,8.92
1000977,122,94,2631,98.0,152.35,0,0,40,48.16,Dine-in,Weekday,Breakfast,42,8.16
1000978,105,74,1525,262.93,291.03,0,1,13,13.72,Dine-in,Weekend,Dinner,13,0.72
1000979,74,13,1109,279.42,278.42,0,0,1824,2023.95,Delivery,Weekday,Dinner,1726,159.96
1000980,41,11,1230,466.63,466.63,0,0,150,164.82,Dine-in,Weekend,Breakfast,141,14.82
1000981,143,186,1778,150.41,175.63,0,0,150,182.07,Dine-in,Weekday,Dinner,157,32.07
1000982,71,83,2322,322.1,321.1,0,0,270,319.04,Delivery,Weekday,Breakfast,266,39.23
1000983,76,76,1803,173.63,255.11,0,0,149,165.28,Buffet,Weekend,Dinner,145,19.54
1000984,130,68,1216,417.13,417.13,0,0,14,17.17,Delivery,Weekday,Dinner,12,2.54
1000986,3,61,1558,611.13,611.13,0,0,134,143.42,Dine-in,Weekday,Dinner,125,9.42
1000987,7,177,1445,660.63,658.63,0,0,26,30.9,Dine-in,Weekend,Dinner,25,4.9
1000988,85,161,2304,226.04,736.23,0,0,69,78.75,Buffet,Weekday,Dinner,66,11.7
1000989,44,27,1438,217.28,218.28,0,0,123,152.18,Dine-in,Weekday,Breakfast,128,29.18
1000990,142,41,2306,337.62,336.62,0,0,15,18.65,Dine-in,Weekday,Lunch,14,3.65
1000991,66,126,1558,678.03,679.03,0,0,69,76.89,Buffet,Weekday,Dinner,68,9.47
1000992,145,77,2826,326.92,326.92,0,0,204,225.55,Dine-in,Weekday,Dinner,200,21.55
1000993,132,162,1993,118.4,116.4,0,0,67,75.02,Buffet,Weekend,Breakfast,64,9.62
1000994,30,30,2569,361.81,363.81,0,0,176,193.27,Delivery,Weekday,Dinner,192,13.82
1000995,114,73,1727,421.95,422.95,0,0,123,148.7,Dine-in,Weekday,Lunch,118,25.7
1000996,80,92,1248,97.0,153.26,0,0,81,100.16,Buffet,Weekday,Breakfast,86,22.99
1000997,106,73,1770,411.28,484.03,0,0,40,42.63,Delivery,Weekday,Breakfast,36,2.1
1000998,98,109,1727,446.23,447.23,0,0,256,300.51,Dine-in,Weekend,Dinner,280,44.51
1000999,119,88,2492,446.23,447.23,0,0,55,60.35,Dine-in,Weekend,Dinner,58,5.35
1001000,79,26,2867,515.13,629.53,0,0,41,51.04,Dine-in,Weekday,Breakfast,40,10.04
1001001,98,17,1248,146.5,147.5,0,0,28,30.37,Delivery,Weekend,Lunch,27,1.9
1001002,125,34,2640,280.33,280.33,0,0,311,376.27,Buffet,Weekend,Breakfast,336,78.32
1001003,83,161,2760,242.53,241.53,0,0,150,168.05,Buffet,Weekend,Lunch,140,21.66
1001004,47,20,1778,161.99,182.39,0,0,730,835.56,Dine-in,Weekday,Breakfast,736,105.56
1001005,65,26,2707,224.13,224.13,0,0,121,141.86,Buffet,Weekday,Breakfast,109,25.03
1001006,101,86,1754,318.16,320.16,0,0,1162,1301.48,Delivery,Weekday,Breakfast,1221,111.58
1001007,142,67,1878,320.13,321.13,0,0,216,243.48,Dine-in,Weekday,Dinner,199,27.48
1001008,41,113,1778,177.54,178.54,0,0,352,423.47,Buffet,Weekend,Breakfast,375,85.76
1001009,95,27,2290,244.47,303.64,0,0,1107,1179.87,Dine-in,Weekday,Dinner,1094,72.87
1001010,137,88,1778,159.14,180.42,0,0,177,200.89,Dine-in,Weekday,Lunch,173,23.89
1001011,93,162,2760,241.53,242.53,0,0,27,30.94,Delivery,Weekday,Dinner,24,3.15
1001012,119,83,2304,389.03,473.39,0,1,82,90.17,Buffet,Weekend,Lunch,84,9.8
1001013,111,99,1109,188.18,309.43,0,0,379,470.03,Delivery,Weekend,Lunch,402,72.82
1001014,89,174,2494,212.43,212.43,0,0,135,146.24,Dine-in,Weekday,Dinner,122,11.24
1001015,68,72,1847,242.53,243.53,0,0,28,33.85,Buffet,Weekday,Breakfast,30,7.02
1001016,84,81,2539,119.34,118.34,0,0,161,172.23,Dine-in,Weekend,Lunch,157,11.23
1001017,55,91,1778,184.33,183.33,0,0,54,67.23,Dine-in,Weekend,Lunch,48,13.23
1001018,22,26,1971,245.44,291.03,1,1,593,705.37,Dine-in,Weekday,Lunch,550,112.37
1001019,145,143,2760,184.36,262.93,0,0,15,15.8,Delivery,Weekday,Breakfast,15,0.64
1001020,123,74,2490,255.14,256.14,0,0,40,46.63,Dine-in,Weekday,Dinner,37,6.63
1001021,8,52,2867,668.33,670.33,0,0,28,31.52,Dine-in,Weekday,Dinner,27,3.52
1001022,138,43,1062,194.06,194.06,0,0,784,853.52,Buffet,Weekday,Breakfast,854,83.42
1001024,23,104,1878,282.33,282.33,0,1,123,142.07,Dine-in,Weekday,Lunch,119,19.07
1001025,110,13,1770,485.03,486.03,0,0,123,148.72,Buffet,Weekday,Lunch,112,30.86
1001026,58,80,2490,254.2,252.2,0,0,567,607.46,Buffet,Weekday,Dinner,524,48.55
1001027,9,72,1993,145.53,145.53,0,0,649,701.3,Buffet,Weekday,Breakfast,586,62.76
1001028,37,152,1962,435.59,641.23,1,1,851,960.98,Dine-in,Weekday,Lunch,882,109.98
1001029,106,29,1230,281.3,287.12,0,1,393,451.9,Dine-in,Weekday,Lunch,407,58.9
1001030,126,32,1754,283.24,283.24,0,0,567,656.26,Delivery,Weekend,Dinner,542,71.41
1001031,65,108,2322,365.69,427.8,0,1,325,348.09,Dine-in,Weekday,Lunch,306,23.09
1001032,131,67,1847,194.0,195.0,0,0,148,169.12,Dine-in,Weekday,Lunch,162,21.12
1001033,73,177,2581,639.23,639.23,0,0,163,192.99,Dine-in,Weekday,Dinner,171,29.99
1001034,24,59,1962,610.13,612.13,0,0,244,299.47,Delivery,Weekday,Dinner,254,44.38
1001036,71,57,2290,270.63,271.63,0,0,406,447.1,Delivery,Weekday,Dinner,432,32.88
1001038,44,29,2322,325.98,325.98,0,0,161,184.77,Delivery,Weekday,Breakfast,161,19.02
1001039,39,161,1558,435.59,640.23,0,1,136,163.2,Delivery,Weekday,Lunch,136,21.76
1001040,56,81,1062,170.75,170.75,0,0,447,515.76,Dine-in,Weekend,Lunch,423,68.76
1001041,22,108,1993,146.53,146.53,0,0,931,1115.9,Dine-in,Weekday,Lunch,919,184.9
1001042,34,10,1248,150.35,150.35,0,0,204,233.2,Buffet,Weekend,Breakfast,192,35.04
1001043,55,113,2539,107.73,106.73,0,0,41,49.34,Delivery,Weekend,Dinner,42,6.67
1001044,54,73,1727,402.55,403.55,0,0,94,111.79,Dine-in,Weekday,Lunch,100,17.79
1001046,142,43,1109,286.15,287.15,0,0,904,1107.88,Buffet,Weekday,Lunch,923,244.66
1001047,126,86,1971,322.04,323.04,0,0,865,1040.75,Delivery,Weekend,Dinner,842,140.6
1001048,105,94,2707,181.42,181.42,0,0,230,285.81,Dine-in,Weekend,Breakfast,234,55.81
1001049,93,67,1311,170.78,168.78,0,0,459,546.72,Dine-in,Weekday,Breakfast,503,87.72
1001050,29,32,1878,282.33,282.33,0,0,54,61.72,Delivery,Weekday,Lunch,52,6.18
1001052,94,104,1847,195.0,196.0,0,0,109,118.83,Buffet,Weekday,Dinner,99,11.8
1001053,105,51,1754,317.19,317.19,0,0,838,928.94,Delivery,Weekend,Lunch,755,72.75
1001054,127,92,2867,726.53,728.53,0,0,15,18.48,Dine-in,Weekday,Dinner,14,3.48
1001055,72,61,1230,324.01,325.01,0,0,96,111.73,Buffet,Weekday,Lunch,103,18.88
1001056,122,139,1230,316.28,315.28,0,0,298,362.25,Dine-in,Weekday,Breakfast,270,64.25
1001058,5,139,2444,486.03,659.63,1,0,14,17.27,Dine-in,Weekday,Lunch,13,3.27
1001059,120,91,2631,155.26,155.26,0,0,14,15.19,Buffet,Weekday,Lunch,14,1.43
1001060,65,91,1993,146.5,147.5,0,0,81,89.35,Delivery,Weekday,Dinner,83,6.68
1001061,64,11,2664,277.42,321.13,0,0,755,866.96,Dine-in,Weekday,Lunch,811,111.96
1001063,124,23,2631,99.0,151.35,0,0,67,76.05,Dine-in,Weekday,Dinner,71,9.05
1001064,113,32,1778,161.02,161.02,0,0,135,152.11,Delivery,Weekday,Breakfast,126,13.69
1001065,124,39,1230,318.16,319.16,0,0,80,97.73,Dine-in,Weekday,Breakfast,86,17.73
1001066,79,50,1558,463.69,639.23,1,0,69,72.79,Buffet,Weekday,Breakfast,67,4.55
1001068,124,89,2867,687.73,688.73,0,0,15,16.7,Buffet,Weekday,Breakfast,15,2.04
1001069,108,14,2581,486.03,679.03,0,1,433,474.54,Buffet,Weekday,Dinner,421,49.85
1001070,50,113,1248,96.09,155.26,0,0,40,45.12,Dine-in,Weekday,Breakfast,38,5.12
1001072,100,23,2126,534.53,532.53,0,0,40,47.45,Dine-in,Weekday,Lunch,43,7.45
1001073,75,177,2704,242.5,292.03,0,0,96,119.89,Buffet,Weekday,Lunch,96,28.67
1001074,29,145,2539,120.28,122.28,0,0,406,489.54,Dine-in,Weekday,Lunch,372,83.54
1001075,116,42,1993,98.03,97.03,0,0,270,309.31,Dine-in,Weekday,Lunch,284,39.31
1001076,64,61,1230,322.1,321.1,0,0,109,130.05,Delivery,Weekday,Dinner,107,16.84
1001077,130,27,1543,469.51,470.51,0,0,123,141.98,Dine-in,Weekday,Breakfast,113,18.98
1001079,36,55,2760,243.53,243.53,0,0,15,16.92,Dine-in,Weekday,Lunch,14,1.92
1001080,131,83,2760,260.93,260.93,0,0,107,123.07,Dine-in,Weekday,Lunch,96,16.07
1001081,108,152,1727,403.55,403.55,0,0,229,269.39,Dine-in,Weekday,Lunch,232,40.39
1001082,25,177,1727,247.38,427.83,1,1,1431,1536.11,Delivery,Weekday,Lunch,1318,84.09
1001083,80,67,2581,678.03,678.03,0,0,188,200.47,Delivery,Weekday,Lunch,200,9.98
1001084,94,149,2760,243.53,242.53,0,0,55,62.75,Dine-in,Weekday,Dinner,54,7.75
1001085,16,50,2581,640.23,639.23,0,0,80,91.09,Dine-in,Weekday,Dinner,80,11.09
1001086,144,157,2760,184.36,261.93,0,0,96,104.78,Dine-in,Weekday,Dinner,98,8.78
1001087,129,36,2494,195.0,243.5,0,1,121,147.85,Dine-in,Weekday,Breakfast,118,26.85
1001088,33,80,1230,337.62,372.54,1,0,177,199.54,Buffet,Weekday,Lunch,181,27.05
1001089,114,61,2104,588.79,590.79,0,0,82,86.21,Delivery,Weekday,Breakfast,83,3.37
1001090,79,143,2444,514.13,629.53,0,0,53,57.86,Dine-in,Weekday,Breakfast,56,4.86
1001091,76,174,2539,144.56,143.56,0,0,742,806.75,Buffet,Weekend,Dinner,776,77.7
1001092,52,143,2492,446.23,445.23,0,0,135,161.8,Dine-in,Weekday,Lunch,131,26.8
1001093,129,109,1198,169.75,171.75,0,0,107,129.4,Dine-in,Weekday,Dinner,112,22.4
1001094,66,64,2826,329.86,328.86,0,0,162,171.57,Dine-in,Weekday,Dinner,165,9.57
1001096,34,34,2640,280.33,280.33,0,0,285,339.75,Dine-in,Weekend,Dinner,269,54.75
1001097,38,67,1543,486.03,484.03,0,0,67,80.31,Buffet,Weekday,Breakfast,72,15.97
1001098,58,57,2539,119.34,120.34,0,0,123,141.12,Dine-in,Weekday,Breakfast,112,18.12
1001099,58,77,2290,242.53,242.53,0,0,485,573.52,Dine-in,Weekday,Dinner,530,88.52
1001100,126,11,1778,181.45,179.45,0,0,850,983.86,Buffet,Weekend,Lunch,839,160.63
1001102,59,27,2760,214.43,242.53,0,0,258,284.46,Dine-in,Weekday,Dinner,251,26.46
1001103,90,58,2290,195.03,245.41,1,0,1554,1726.5,Buffet,Weekend,Dinner,1641,207.0
1001104,28,99,1248,154.26,253.23,0,0,54,67.1,Buffet,Weekend,Dinner,58,15.72
1001105,89,32,1778,163.02,180.45,0,0,135,145.32,Delivery,Weekday,Dinner,143,8.26
1001107,121,13,1878,291.03,290.03,0,0,189,227.46,Buffet,Weekday,Breakfast,187,46.15
1001109,55,67,2490,253.2,254.2,0,0,352,413.99,Buffet,Weekend,Breakfast,377,74.39
1001110,27,132,1109,306.58,305.58,0,0,878,939.18,Buffet,Weekend,Dinner,858,73.42
1001111,144,39,2492,445.23,445.23,0,0,55,64.15,Buffet,Weekday,Breakfast,56,10.98
1001112,79,57,1543,514.13,515.13,0,0,28,33.01,Buffet,Weekday,Dinner,30,6.01
1001113,109,89,2444,669.33,669.33,0,1,53,60.52,Buffet,Weekday,Dinner,57,9.02
1001114,131,94,2704,262.93,319.13,0,0,27,28.69,Dine-in,Weekday,Lunch,27,1.69
1001115,20,76,1727,445.23,446.23,0,0,270,312.93,Delivery,Weekend,Dinner,289,34.34
1001116,30,101,1885,122.28,121.28,0,0,541,597.26,Delivery,Weekday,Lunch,500,45.01
1001117,52,132,1248,153.26,155.26,0,0,55,66.02,Buffet,Weekday,Lunch,54,13.22
1001118,124,143,2290,266.75,268.75,0,0,932,996.22,Buffet,Weekday,Breakfast,940,77.06
1001119,83,109,1445,668.33,668.33,0,0,40,44.17,Buffet,Weekend,Dinner,36,5.0
1001120,125,74,1062,185.33,185.33,0,0,134,166.73,Dine-in,Weekend,Dinner,133,32.73
1001121,11,29,2704,242.53,282.33,0,1,109,133.78,Buffet,Weekday,Dinner,115,29.74
1001122,45,108,2322,412.25,413.25,0,0,95,114.19,Buffet,Weekday,Breakfast,95,23.03
1001123,65,146,2490,194.03,244.5,1,1,945,1149.33,Delivery,Weekday,Lunch,890,163.46
1001124,28,68,2867,616.92,618.92,0,0,41,43.67,Buffet,Weekend,Lunch,38,3.2
1001126,99,89,2490,280.36,281.36,0,0,149,165.71,Dine-in,Weekday,Lunch,149,16.71
1001127,133,153,2492,286.21,389.03,0,1,123,141.36,Dine-in,Weekend,Lunch,112,18.36
1001128,66,76,2581,680.03,678.03,0,0,68,74.23,Delivery,Weekday,Dinner,72,4.98
1001129,57,51,2490,253.2,253.2,0,0,553,588.56,Dine-in,Weekday,Dinner,581,35.56
1001130,44,106,1971,290.06,291.06,0,0,310,364.23,Dine-in,Weekday,Dinner,335,54.23
1001131,10,162,1754,281.33,280.33,0,0,420,509.52,Dine-in,Weekday,Breakfast,461,89.52
1001132,48,106,2704,292.03,292.03,0,0,135,155.0,Dine-in,Weekend,Dinner,122,20.0
1001133,131,106,2581,484.03,659.63,1,0,188,210.07,Buffet,Weekday,Dinner,193,26.48
1001134,128,108,1993,151.35,144.56,0,1,728,849.32,Dine-in,Weekday,Lunch,694,121.32
1001135,81,72,1207,375.39,465.63,0,0,41,44.7,Dine-in,Weekday,Dinner,38,3.7
1001136,7,11,1525,290.03,291.03,0,0,393,463.95,Dine-in,Weekend,Dinner,398,70.95
1001137,125,32,2492,446.23,447.23,0,0,42,51.64,Dine-in,Weekend,Breakfast,38,9.64
1001138,72,174,2139,290.03,291.03,0,0,41,43.39,Buffet,Weekday,Lunch,45,2.87
1001139,134,57,1543,484.09,484.09,0,0,42,45.05,Buffet,Weekday,Dinner,38,3.66
1001140,68,149,2444,630.53,709.13,0,0,41,43.52,Buffet,Weekday,Lunch,40,3.02
1001141,115,39,2640,282.33,282.33,0,0,82,102.16,Buffet,Weekday,Lunch,79,24.19
1001142,87,42,1062,176.57,175.57,0,0,284,326.42,Dine-in,Weekday,Lunch,293,42.42
1001143,54,75,2581,641.23,640.23,0,0,271,312.25,Dine-in,Weekday,Dinner,262,41.25
1001144,6,75,1971,290.03,291.03,0,0,176,195.85,Delivery,Weekend,Dinner,162,15.88
1001145,43,11,2126,534.53,532.53,0,0,135,162.02,Delivery,Weekday,Lunch,125,21.62
1001146,84,77,2569,310.43,311.43,0,0,378,444.31,Dine-in,Weekend,Lunch,355,66.31
1001147,60,50,1230,316.25,316.25,0,0,149,182.54,Buffet,Weekday,Dinner,138,40.25
1001149,22,59,2867,618.86,620.86,0,0,68,72.21,Delivery,Weekday,Breakfast,74,3.37
1001151,139,58,2760,261.93,261.93,0,0,40,46.39,Dine-in,Weekend,Lunch,39,6.39
1001152,105,94,1885,117.37,118.34,0,1,458,570.83,Dine-in,Weekend,Dinner,460,112.83
1001153,84,55,1571,581.03,583.03,0,0,13,14.54,Buffet,Weekend,Dinner,12,1.85
1001154,40,109,1230,475.33,476.33,0,0,55,67.74,Dine-in,Weekday,Breakfast,52,12.74
1001155,140,50,1109,282.3,282.3,0,0,433,533.28,Dine-in,Weekend,Breakfast,393,100.28
1001156,115,43,2139,307.49,308.49,0,0,122,149.12,Delivery,Weekday,Lunch,118,21.7
1001157,83,124,1248,151.32,151.32,0,0,122,133.31,Delivery,Weekend,Dinner,120,9.05
1001158,22,42,1543,503.43,503.43,0,0,13,13.65,Dine-in,Weekday,Dinner,13,0.65
1001159,105,106,2444,708.13,709.13,0,0,27,29.94,Dine-in,Weekend,Lunch,24,2.94
1001160,104,52,1558,680.03,680.03,0,0,135,150.41,Buffet,Weekend,Lunch,123,18.49
1001161,128,143,2640,282.33,280.33,0,0,204,232.4,Dine-in,Weekday,Dinner,202,28.4
1001162,82,66,1770,486.03,486.03,0,0,42,47.4,Buffet,Weekday,Dinner,39,6.48
1001163,87,109,1885,142.62,144.53,0,1,810,988.28,Dine-in,Weekday,Dinner,777,178.28
1001164,41,13,2139,293.0,291.0,0,0,150,170.65,Delivery,Weekend,Dinner,136,16.52
1001165,10,93,1247,486.03,484.03,0,0,14,17.04,Buffet,Weekday,Lunch,13,3.65
1001166,53,124,1558,678.03,679.03,0,0,176,195.27,Dine-in,Weekday,Breakfast,192,19.27
1001167,8,14,1962,612.13,612.13,0,0,41,51.1,Dine-in,Weekday,Dinner,40,10.1
1001168,27,88,2581,484.03,641.23,1,0,298,358.58,Dine-in,Weekend,Breakfast,282,60.58
1001169,143,53,1247,445.23,445.23,0,0,13,15.93,Dine-in,Weekday,Breakfast,13,2.93
1001170,113,13,1571,581.03,581.03,0,0,161,198.1,Buffet,Weekday,Breakfast,158,44.52
1001172,84,101,2494,214.43,212.43,0,0,122,134.31,Delivery,Weekend,Lunch,113,9.85
1001173,4,161,2631,119.31,239.62,0,0,81,96.3,Dine-in,Weekday,Dinner,83,15.3
1001174,50,146,1109,290.06,291.06,0,0,811,951.08,Delivery,Weekday,Dinner,776,112.06
1001175,18,61,1216,417.13,418.13,0,0,15,16.95,Buffet,Weekday,Lunch,14,2.34
1001176,122,10,1754,272.6,272.6,0,0,622,696.99,Dine-in,Weekday,Lunch,627,74.99
1001177,141,26,1543,483.09,483.09,0,0,107,133.37,Dine-in,Weekday,Breakfast,107,26.37
1001178,110,124,2444,668.33,668.33,0,0,27,32.07,Dine-in,Weekday,Dinner,27,5.07
1001179,8,86,1445,669.33,669.33,0,0,13,16.12,Dine-in,Weekday,Dinner,11,3.12
1001181,30,52,2139,289.09,290.09,0,0,121,149.05,Dine-in,Weekday,Dinner,127,28.05
1001182,131,58,1778,176.6,175.6,0,0,204,253.27,Dine-in,Weekday,Lunch,191,49.27
1001183,76,17,2664,320.13,320.13,0,0,216,235.08,Dine-in,Weekend,Lunch,203,19.08
1001184,3,58,2867,659.63,659.63,0,0,27,31.51,Buffet,Weekday,Lunch,27,5.41
1001185,113,91,2664,303.64,304.64,0,0,364,441.59,Buffet,Weekday,Breakfast,362,93.11
1001186,112,41,1062,183.33,183.33,0,0,55,60.91,Buffet,Weekend,Lunch,52,7.09
1001187,6,43,1311,160.05,162.05,0,0,838,978.85,Dine-in,Weekend,Dinner,891,140.85
1001188,75,17,1878,290.03,292.03,0,0,55,64.04,Delivery,Weekday,Dinner,58,7.23
1001191,61,153,1754,291.06,289.06,0,0,594,694.01,Buffet,Weekday,Lunch,562,120.01
1001192,137,39,1885,115.43,115.43,0,0,188,227.24,Dine-in,Weekday,Dinner,174,39.24
1001193,139,65,2640,321.13,320.13,0,0,474,551.63,Dine-in,Weekend,Dinner,431,77.63
1001194,133,91,1778,163.99,193.03,0,0,136,165.07,Dine-in,Weekend,Lunch,140,29.07
1001195,51,89,2707,192.12,222.13,0,0,269,310.48,Delivery,Weekday,Breakfast,259,33.18
1001196,19,73,2304,387.03,505.43,0,0,41,48.88,Dine-in,Weekday,Lunch,40,7.88
1001198,22,77,2760,232.83,233.83,0,0,94,113.05,Dine-in,Weekday,Breakfast,89,19.05
1001199,123,157,2126,427.8,511.25,0,1,41,48.82,Delivery,Weekday,Breakfast,42,6.26
1001200,130,24,1445,726.53,727.53,0,0,55,59.07,Delivery,Weekday,Dinner,51,3.26
1001201,117,108,2569,302.7,302.7,0,0,364,439.08,Delivery,Weekday,Breakfast,348,60.06
1001202,131,29,2826,326.92,326.92,0,0,258,287.32,Dine-in,Weekday,Lunch,268,29.32
1001203,38,42,2304,465.63,465.63,0,0,26,31.63,Delivery,Weekday,Dinner,25,4.5
1001204,126,108,1971,324.04,322.04,0,0,392,436.82,Buffet,Weekend,Breakfast,412,53.78
1001205,76,59,1885,146.53,144.53,0,0,1256,1501.45,Dine-in,Weekend,Lunch,1187,245.45
1001206,109,61,2569,309.43,310.43,0,0,568,633.09,Buffet,Weekday,Lunch,585,78.11
1001207,61,99,2322,448.14,449.14,0,0,82,99.2,Buffet,Weekday,Lunch,84,20.64
1001208,9,113,1971,290.03,292.03,0,0,269,301.46,Dine-in,Weekday,Dinner,281,32.46
1001209,69,75,2826,245.44,327.86,0,0,486,574.83,Buffet,Weekend,Lunch,448,106.6
1001210,39,13,1803,168.78,168.78,0,0,973,1080.56,Buffet,Weekday,Breakfast,922,129.07
1001211,1,106,2322,317.19,383.15,0,1,528,632.64,Dine-in,Weekday,Lunch,486,104.64
1001212,22,34,2306,338.53,339.53,0,0,81,90.06,Buffet,Weekday,Breakfast,73,10.87
1001213,99,36,1311,128.04,168.84,0,0,339,358.37,Buffet,Weekday,Lunch,353,23.24
1001214,142,32,1993,117.4,116.4,0,0,419,477.95,Dine-in,Weekday,Lunch,431,58.95
1001215,131,93,1754,291.03,291.03,0,0,621,711.05,Delivery,Weekday,Lunch,574,72.04
1001216,3,106,1754,280.33,280.33,0,0,377,463.84,Buffet,Weekday,Dinner,347,104.21
1001217,71,76,2569,291.0,291.0,0,0,108,122.6,Delivery,Weekday,Dinner,103,11.68
1001219,6,66,2492,447.23,447.23,0,0,15,18.13,Buffet,Weekend,Breakfast,13,3.76
1001220,39,75,2490,244.5,242.5,0,0,283,318.38,Dine-in,Weekday,Lunch,287,35.38
1001221,123,129,1571,582.03,583.03,0,0,55,65.11,Delivery,Weekday,Breakfast,58,8.09
1001222,144,139,1971,290.06,291.06,0,0,175,197.9,Delivery,Weekday,Lunch,184,18.32
1001223,71,17,2322,446.23,446.23,0,0,69,83.95,Buffet,Weekday,Dinner,68,17.94
1001224,92,52,2290,302.64,298.79,0,1,1527,1844.42,Buffet,Weekday,Breakfast,1485,380.9
1001225,105,80,1062,163.99,163.99,0,0,690,792.95,Dine-in,Weekend,Dinner,662,102.95
1001228,119,65,1971,290.06,290.06,0,0,647,802.69,Dine-in,Weekend,Lunch,632,155.69
1001229,88,66,2664,311.43,310.43,0,0,285,306.94,Buffet,Weekday,Dinner,310,26.33
1001230,92,174,1962,436.53,680.03,1,0,1215,1330.73,Dine-in,Weekday,Lunch,1248,115.73
1001231,123,89,1230,515.13,513.13,0,0,41,48.77,Buffet,Weekday,Dinner,40,9.32
1001232,27,13,2490,252.2,254.2,0,0,593,628.33,Dine-in,Weekend,Lunch,613,35.33
1001233,140,41,1962,548.08,641.23,0,0,243,300.12,Delivery,Weekend,Dinner,247,45.7
1001234,104,129,2139,285.21,284.21,0,0,15,18.35,Dine-in,Weekend,Dinner,15,3.35
1001236,16,113,1885,120.28,120.28,0,0,189,205.84,Buffet,Weekday,Lunch,188,20.21
1001237,74,39,1727,402.55,402.55,0,0,419,461.35,Buffet,Weekday,Lunch,449,50.82
1001238,64,146,2867,631.53,629.53,0,0,108,125.87,Dine-in,Weekday,Lunch,115,17.87
1001239,99,68,1878,280.33,280.33,0,0,325,397.08,Delivery,Weekday,Dinner,340,57.66
1001240,37,17,1109,292.97,291.97,0,0,635,763.67,Buffet,Weekday,Dinner,661,154.4
1001241,126,73,2490,195.94,254.14,0,1,418,450.58,Delivery,Weekend,Lunch,413,26.06
1001242,120,75,2581,652.84,652.84,0,0,204,223.92,Dine-in,Weekday,Dinner,209,19.92
1001243,93,101,1248,153.26,154.26,0,0,15,17.62,Buffet,Weekday,Breakfast,13,3.14
1001244,145,50,1525,319.13,290.03,0,1,162,197.19,Dine-in,Weekday,Dinner,156,35.19
1001245,95,67,2704,290.03,290.03,0,0,270,315.54,Delivery,Weekday,Dinner,271,36.43
1001247,91,39,1778,163.99,184.33,0,0,109,131.19,Delivery,Weekend,Dinner,110,17.75
1001248,52,143,1216,417.13,416.13,0,0,15,17.95,Delivery,Weekday,Dinner,13,2.36
1001249,142,110,1543,483.09,483.09,0,0,42,50.71,Delivery,Weekday,Lunch,41,6.97
1001250,100,126,1109,295.91,294.91,0,0,271,307.39,Dine-in,Weekday,Lunch,280,36.39
1001251,60,162,1062,162.99,162.99,0,0,162,181.41,Delivery,Weekday,Lunch,159,15.53
1001252,114,24,1778,159.08,184.36,1,0,635,686.65,Dine-in,Weekday,Breakfast,675,51.65
1001253,76,59,1803,202.73,203.73,0,0,148,159.69,Delivery,Weekend,Dinner,138,9.35
1001254,48,20,2444,620.86,620.86,0,0,80,97.73,Delivery,Weekend,Lunch,81,14.18
1001255,119,80,2569,303.64,304.64,0,0,528,599.56,Dine-in,Weekend,Lunch,480,71.56
1001256,96,32,2492,291.0,446.23,0,1,108,129.12,Dine-in,Weekday,Lunch,118,21.12
1001257,123,59,2304,468.51,469.51,0,0,67,74.21,Dine-in,Weekday,Lunch,65,7.21
1001258,33,89,1993,122.28,120.28,0,0,594,652.93,Buffet,Weekday,Lunch,621,70.72
1001259,82,162,1207,320.1,321.1,0,0,121,144.88,Delivery,Weekday,Lunch,113,19.1
1001260,112,145,1109,275.54,320.13,0,0,242,280.63,Dine-in,Weekend,Dinner,242,38.63
1001261,108,36,1216,340.5,389.03,0,0,41,49.41,Dine-in,Weekday,Dinner,44,8.41
1001262,27,74,2322,323.01,325.01,0,0,109,131.16,Buffet,Weekend,Breakfast,98,26.59
1001263,89,53,1571,583.03,583.03,0,0,55,60.67,Dine-in,Weekday,Breakfast,57,5.67
1001264,102,10,1311,172.66,174.66,0,0,972,1124.84,Buffet,Weekday,Lunch,1031,183.41
1001265,36,17,2304,485.03,485.03,0,0,28,32.74,Dine-in,Weekday,Dinner,30,4.74
1001267,114,43,2126,435.53,532.53,0,1,149,162.82,Dine-in,Weekday,Lunch,138,13.82
1001268,95,109,2826,248.35,320.13,0,0,932,1150.93,Delivery,Weekday,Lunch,921,175.14
1001269,129,61,2704,321.13,320.13,0,0,94,105.84,Dine-in,Weekday,Lunch,88,11.84
1001270,76,104,2640,290.03,291.03,0,0,80,92.55,Dine-in,Weekend,Dinner,85,12.55
1001271,113,74,1754,237.68,288.09,0,1,325,345.81,Buffet,Weekday,Dinner,307,24.97
1001272,144,132,1062,189.18,190.18,0,0,593,728.93,Buffet,Weekday,Lunch,623,163.12
1001273,17,68,2867,659.63,659.63,0,0,41,46.8,Buffet,Weekday,Lunch,38,6.96
1001274,111,124,1885,150.35,146.47,0,1,458,495.31,Delivery,Weekend,Dinner,448,29.85
1001275,113,157,2826,310.43,309.43,0,0,203,220.73,Buffet,Weekday,Dinner,211,21.28
1001276,16,26,2306,307.52,308.52,0,0,40,46.37,Dine-in,Weekday,Dinner,40,6.37
1001277,16,43,2322,318.19,385.12,0,1,662,753.85,Dine-in,Weekday,Lunch,655,91.85
1001278,129,10,1438,194.0,195.0,0,0,81,97.63,Buffet,Weekday,Dinner,79,19.96
1001279,107,129,2304,474.39,472.39,0,0,26,29.94,Dine-in,Weekday,Dinner,23,3.94
1001280,20,42,1962,486.03,641.23,1,0,162,179.75,Buffet,Weekend,Lunch,172,21.3
1001281,35,55,2664,332.71,333.71,0,0,107,115.01,Delivery,Weekend,Lunch,100,6.41
1001282,93,99,2956,581.03,583.03,0,0,53,64.17,Dine-in,Weekday,Lunch,50,11.17
1001283,8,65,2306,242.5,339.53,1,0,81,94.56,Dine-in,Weekday,Lunch,76,13.56
1001284,124,61,1230,324.98,325.98,0,0,136,145.03,Buffet,Weekday,Breakfast,127,10.84
1001286,75,153,2490,252.2,252.2,0,0,528,655.13,Buffet,Weekday,Dinner,571,152.56
1001287,143,52,1525,321.13,321.13,0,0,458,562.56,Dine-in,Weekday,Breakfast,460,104.56
1001288,66,11,2581,678.03,680.03,0,0,82,87.01,Dine-in,Weekday,Dinner,78,5.01
1001289,14,36,2581,622.8,622.8,0,0,149,161.44,Dine-in,Weekend,Dinner,139,12.44
1001290,80,68,1993,119.31,119.31,0,0,337,357.67,Dine-in,Weekday,Breakfast,338,20.67
1001291,102,13,2444,612.13,611.13,0,0,163,195.53,Buffet,Weekday,Lunch,169,39.04
1001292,88,94,2290,233.8,233.8,0,0,514,559.07,Buffet,Weekday,Breakfast,547,54.08
1001294,110,34,2104,582.03,581.03,0,0,134,140.84,Buffet,Weekday,Dinner,121,8.21
1001295,141,74,2104,582.03,581.03,0,0,14,15.04,Dine-in,Weekday,Breakfast,14,1.04
1001296,143,14,1878,321.13,319.13,0,0,40,44.84,Buffet,Weekday,Dinner,39,5.81
1001297,20,145,2492,446.23,446.23,0,0,41,49.53,Buffet,Weekend,Breakfast,41,10.24
1001299,25,145,2760,175.63,222.13,0,0,68,74.95,Dine-in,Weekday,Dinner,73,6.95
1001300,97,132,1847,195.0,196.0,0,0,68,74.0,Dine-in,Weekend,Dinner,74,6.0
1001301,74,162,1754,291.03,291.03,1,0,810,957.1,Dine-in,Weekday,Dinner,775,147.1
1001302,72,32,1993,119.31,119.31,0,0,190,212.27,Buffet,Weekday,Lunch,201,26.72
1001303,93,132,1445,669.33,669.33,0,0,42,48.6,Buffet,Weekday,Lunch,43,7.92
1001304,9,146,2631,260.93,259.99,0,1,13,14.96,Dine-in,Weekday,Dinner,11,1.96
1001305,115,61,2444,707.13,709.13,0,0,14,17.14,Dine-in,Weekday,Lunch,14,3.14
1001306,74,52,2704,244.5,291.03,1,0,419,455.19,Dine-in,Weekday,Dinner,400,36.19
1001307,84,34,1778,177.51,177.51,0,0,40,45.88,Dine-in,Weekend,Dinner,42,5.88
1001308,51,102,1445,510.28,630.53,0,0,15,16.41,Buffet,Weekday,Dinner,14,1.69
1001309,133,80,2104,582.03,583.03,0,0,41,47.4,Buffet,Weekend,Dinner,41,7.68
1001310,121,108,1230,323.01,384.15,1,0,243,264.37,Delivery,Weekday,Breakfast,259,17.1
1001311,132,109,1062,162.02,193.09,0,1,555,665.87,Dine-in,Weekend,Lunch,589,110.87
1001312,20,92,1878,242.53,243.53,0,0,15,16.72,Dine-in,Weekend,Dinner,15,1.72
1001313,39,32,1525,290.03,291.03,0,0,82,93.07,Buffet,Weekday,Lunch,80,13.28
1001314,81,106,2322,321.1,383.15,0,1,567,626.39,Buffet,Weekday,Dinner,530,71.27
1001315,1,61,1216,388.03,466.63,0,1,95,101.03,Delivery,Weekday,Lunch,89,4.82
1001316,136,29,1727,324.95,423.95,1,1,661,811.35,Delivery,Weekday,Breakfast,628,120.28
1001317,98,143,1778,160.08,161.08,0,0,82,87.0,Dine-in,Weekend,Dinner,78,5.0
1001318,16,149,1230,321.13,319.13,0,0,188,219.2,Dine-in,Weekday,Lunch,195,31.2
1001319,114,101,2760,243.53,243.53,0,0,27,30.48,Delivery,Weekday,Dinner,25,2.78
1001320,120,174,1778,192.09,193.09,0,0,513,571.95,Dine-in,Weekday,Lunch,556,58.95
1001321,122,64,2322,314.34,291.03,0,1,188,222.44,Delivery,Weekday,Lunch,197,27.55
1001322,50,86,1885,121.25,143.56,0,0,541,635.09,Delivery,Weekday,Lunch,514,75.27
1001323,109,157,2826,259.99,310.43,0,1,447,496.93,Dine-in,Weekday,Breakfast,409,49.93
1001324,37,26,1971,311.43,309.43,0,0,163,192.84,Dine-in,Weekday,Dinner,152,29.84
1001325,6,58,1216,417.13,417.13,0,0,40,49.6,Dine-in,Weekend,Dinner,40,9.6
1001326,133,27,2640,321.13,321.13,0,0,108,134.92,Dine-in,Weekend,Breakfast,107,26.92
1001327,56,101,1062,185.33,183.33,0,0,379,464.03,Buffet,Weekend,Lunch,375,102.04
1001328,26,74,1902,485.03,484.03,0,0,15,17.12,Buffet,Weekday,Breakfast,13,2.54
1001329,130,50,2306,337.62,337.62,0,0,26,27.88,Dine-in,Weekday,Breakfast,27,1.88
1001330,118,64,2707,179.48,231.86,0,0,323,379.65,Buffet,Weekend,Lunch,317,67.98
1001331,64,14,1438,241.53,241.53,0,0,13,15.21,Buffet,Weekday,Dinner,11,2.65
1001332,61,10,1062,161.05,183.39,0,0,1270,1425.52,Buffet,Weekday,Breakfast,1316,186.62
1001333,121,50,1993,119.31,120.31,0,0,393,477.7,Buffet,Weekday,Breakfast,359,101.64
1001334,115,99,1207,349.26,495.73,0,0,149,171.86,Delivery,Weekday,Breakfast,136,18.29
1001335,91,137,2826,303.64,302.64,0,0,622,671.74,Dine-in,Weekend,Dinner,604,49.74
1001336,3,153,2707,196.0,196.0,0,0,485,573.1,Dine-in,Weekday,Dinner,522,88.1
1001337,87,113,2631,96.03,150.41,0,0,122,140.33,Dine-in,Weekday,Dinner,127,18.33
1001338,8,146,2581,608.19,608.19,0,0,123,146.42,Dine-in,Weekday,Dinner,117,23.42
1001339,110,11,2760,241.53,242.53,0,0,107,123.95,Buffet,Weekday,Breakfast,97,20.34
1001340,94,51,1993,144.59,142.59,0,0,620,654.39,Dine-in,Weekday,Dinner,558,34.39
1001341,120,143,1525,290.03,290.03,0,0,69,84.82,Buffet,Weekday,Lunch,70,18.98
1001342,137,74,1230,368.63,369.63,0,0,96,115.11,Dine-in,Weekday,Lunch,100,19.11
1001343,42,72,2581,679.03,679.03,0,0,82,90.44,Buffet,Weekend,Dinner,84,10.13
1001344,78,177,2760,196.0,195.0,0,0,54,61.61,Dine-in,Weekday,Dinner,55,7.61
1001345,136,27,1558,549.08,641.23,1,1,283,320.22,Buffet,Weekday,Lunch,299,44.66
1001346,116,113,1558,463.69,641.23,1,1,312,340.98,Dine-in,Weekday,Lunch,342,28.98
1001347,81,30,2826,321.13,321.13,0,0,366,403.5,Delivery,Weekday,Lunch,361,30.0
1001348,55,106,1216,514.13,515.13,0,0,26,27.92,Dine-in,Weekend,Lunch,27,1.92
1001349,84,72,1438,213.43,212.43,0,0,42,47.35,Buffet,Weekend,Lunch,43,6.42
1001351,16,93,2826,279.36,281.36,0,0,297,328.03,Delivery,Weekday,Breakfast,318,24.82
1001352,109,34,2304,472.39,473.39,0,0,26,28.84,Buffet,Weekday,Lunch,26,3.41
1001353,10,77,2304,481.12,483.12,0,0,42,49.49,Buffet,Weekday,Lunch,38,8.99
1001354,49,77,1727,402.55,403.55,0,0,107,121.34,Dine-in,Weekend,Dinner,112,14.34
1001355,39,153,1754,295.91,295.91,0,0,554,686.87,Dine-in,Weekday,Breakfast,556,132.87
1001356,5,137,1230,395.82,377.39,0,1,188,206.87,Buffet,Weekday,Dinner,177,22.64
1001357,133,24,1571,581.03,582.03,0,0,175,213.43,Delivery,Weekend,Lunch,192,30.74
1001358,105,55,2826,334.71,334.71,0,0,204,243.52,Delivery,Weekend,Lunch,189,31.62
1001359,46,65,2322,307.52,307.52,0,0,350,407.85,Buffet,Weekday,Lunch,331,69.42
1001360,20,162,2492,447.23,445.23,0,0,123,152.47,Dine-in,Weekend,Lunch,130,29.47
1001361,81,124,2139,308.49,309.49,0,0,14,14.77,Dine-in,Weekday,Breakfast,13,0.77
1001362,72,108,2539,145.53,145.53,0,0,553,642.48,Dine-in,Weekday,Dinner,511,89.48
1001363,68,80,1216,408.43,408.43,0,0,15,17.51,Buffet,Weekday,Breakfast,15,3.01
1001364,97,113,2490,242.5,243.5,0,0,460,506.75,Dine-in,Weekend,Dinner,433,46.75
1001365,92,152,1754,292.03,292.03,0,0,378,397.85,Buffet,Weekday,Lunch,383,23.82
1001366,49,113,1230,286.21,315.31,1,1,555,691.42,Buffet,Weekend,Dinner,552,163.7
1001367,126,10,2577,291.03,292.03,0,0,256,271.55,Buffet,Weekend,Lunch,231,18.66
1001368,25,104,1247,446.23,446.23,0,0,13,16.1,Dine-in,Weekday,Lunch,12,3.1
1001369,87,80,1878,194.03,290.03,1,1,203,214.19,Delivery,Weekday,Lunch,199,8.95
1001370,93,108,2577,290.03,291.03,0,0,190,200.35,Dine-in,Weekday,Lunch,173,10.35
1001371,45,106,2664,326.89,328.89,0,0,499,600.54,Dine-in,Weekday,Dinner,455,101.54
1001372,50,157,2581,639.23,641.23,0,0,229,272.31,Dine-in,Weekday,Lunch,237,43.31
1001373,60,10,1754,236.74,309.43,1,1,2416,2950.0,Dine-in,Weekday,Lunch,2393,534.0
1001375,85,42,1543,389.03,514.13,0,0,28,31.66,Buffet,Weekday,Dinner,25,4.39
1001376,114,102,2569,311.43,311.43,0,0,474,555.38,Dine-in,Weekday,Dinner,469,81.38
1001377,144,186,1109,294.91,295.91,0,0,270,320.94,Dine-in,Weekday,Dinner,251,50.94
1001378,35,152,2631,149.41,261.93,0,1,134,145.09,Delivery,Weekend,Dinner,135,8.87
1001379,47,29,2492,290.03,446.23,0,1,81,94.28,Dine-in,Weekday,Dinner,74,13.28
1001380,127,73,1062,179.48,180.48,0,0,257,302.72,Delivery,Weekday,Lunch,244,36.58
1001381,93,143,2304,515.13,514.13,0,0,67,78.9,Delivery,Weekday,Lunch,70,9.52
1001382,107,83,2867,485.03,709.13,1,1,135,159.71,Dine-in,Weekday,Dinner,126,24.71
1001384,120,13,1558,697.43,698.43,0,0,41,49.52,Dine-in,Weekday,Dinner,42,8.52
1001385,106,74,2631,154.26,155.26,0,0,67,80.33,Delivery,Weekday,Lunch,60,10.66
1001386,115,106,2956,581.03,583.03,0,0,28,34.53,Buffet,Weekday,Dinner,26,7.84
1001387,65,26,2640,280.33,280.33,0,0,81,85.06,Dine-in,Weekday,Lunch,76,4.06
1001388,28,57,1558,641.23,641.23,0,0,27,31.79,Dine-in,Weekend,Lunch,24,4.79
1001389,12,102,2126,486.03,485.03,1,1,68,72.71,Buffet,Weekday,Lunch,73,5.65
1001390,74,59,1878,292.03,292.03,0,0,82,94.28,Buffet,Weekday,Lunch,86,14.74
1001391,109,137,1525,261.93,262.93,0,0,890,1029.81,Buffet,Weekday,Breakfast,916,167.77
1001392,112,51,2322,320.13,483.09,0,1,744,850.73,Dine-in,Weekend,Lunch,689,106.73
1001393,135,20,1525,319.13,321.13,0,0,109,114.51,Dine-in,Weekday,Lunch,107,5.51
1001394,88,104,2139,308.49,309.49,0,0,40,44.37,Dine-in,Weekday,Lunch,42,4.37
1001395,28,137,1438,243.5,243.5,0,1,54,58.98,Dine-in,Weekend,Dinner,58,4.98
1001396,138,26,1062,177.54,178.54,0,0,350,386.86,Buffet,Weekday,Lunch,373,44.23
1001397,35,58,1971,309.43,311.43,0,0,257,317.47,Buffet,Weekend,Dinner,273,72.56
1001398,119,36,1247,445.23,446.23,0,0,28,29.73,Buffet,Weekend,Dinner,29,2.08
1001399,26,113,2126,484.03,552.93,0,0,13,14.18,Delivery,Weekday,Lunch,14,0.94
1001400,7,152,2704,280.33,280.33,0,0,121,134.59,Buffet,Weekend,Lunch,127,16.31
1001401,90,77,2490,195.0,243.5,1,1,580,689.86,Buffet,Weekend,Lunch,590,131.83
1001402,117,161,1971,287.15,286.15,0,0,149,183.56,Dine-in,Weekday,Lunch,163,34.56
1001403,86,83,2290,231.86,260.93,0,0,999,1055.05,Dine-in,Weekday,Dinner,923,56.05
1001404,87,20,1993,143.62,143.62,0,0,446,531.54,Delivery,Weekday,Dinner,443,68.43
1001405,29,108,2492,305.58,388.03,1,0,96,114.67,Dine-in,Weekday,Lunch,86,18.67
1001406,79,27,2569,335.65,335.65,0,0,176,193.09,Buffet,Weekday,Lunch,163,20.51
1001407,124,10,2664,302.64,302.64,0,0,944,1157.83,Buffet,Weekday,Lunch,971,256.6
1001408,52,174,2826,320.16,319.16,0,0,770,928.06,Delivery,Weekday,Dinner,734,126.45
1001409,31,146,2306,340.53,339.53,0,0,26,29.02,Buffet,Weekday,Breakfast,25,3.62
1001410,138,102,1727,446.23,446.23,0,0,108,119.78,Buffet,Weekday,Lunch,108,14.14
1001413,64,29,2664,327.89,328.89,0,0,310,344.52,Dine-in,Weekday,Breakfast,302,34.52
1001414,105,152,2704,260.93,262.93,0,0,202,216.08,Dine-in,Weekend,Lunch,203,14.08
1001415,125,110,1558,511.19,658.63,0,0,81,94.64,Delivery,Weekend,Breakfast,77,10.91
1001416,100,11,2444,435.53,668.33,0,0,445,512.51,Delivery,Weekday,Lunch,473,54.01
1001417,129,74,2704,321.13,320.13,0,1,27,32.28,Buffet,Weekday,Lunch,26,6.34
1001418,90,86,2494,212.43,212.43,0,0,53,65.4,Buffet,Weekend,Dinner,54,14.88
1001419,72,11,2490,254.2,253.2,0,0,635,716.59,Delivery,Weekday,Dinner,648,65.27
1001421,33,146,1754,242.5,242.5,0,0,944,1078.99,Dine-in,Weekday,Breakfast,970,134.99
1001423,2,75,1993,96.06,119.31,1,0,365,446.22,Dine-in,Weekday,Lunch,358,81.22
1001424,77,132,1109,271.66,270.66,0,0,419,471.31,Delivery,Weekend,Breakfast,443,41.85
1001426,107,43,2704,243.5,290.03,0,1,500,597.16,Dine-in,Weekday,Lunch,513,97.16
1001428,140,145,2569,304.61,339.53,0,0,217,234.85,Dine-in,Weekend,Dinner,220,17.85
1001429,134,152,2707,181.42,180.42,0,0,176,205.92,Delivery,Weekday,Dinner,179,23.94
1001430,87,59,1847,214.43,212.43,0,0,26,28.45,Buffet,Weekday,Dinner,25,2.94
1001432,93,97,2306,349.23,349.23,0,0,41,47.59,Delivery,Weekday,Lunch,39,5.27
1001433,6,39,1727,244.44,402.55,1,1,823,913.31,Buffet,Weekend,Dinner,902,108.37
1001434,133,93,2569,339.53,340.53,0,0,230,246.1,Dine-in,Weekend,Lunch,227,16.1
1001435,76,64,1971,244.5,311.43,0,0,204,225.7,Dine-in,Weekend,Lunch,210,21.7
1001436,97,51,2139,308.49,307.49,0,0,67,78.67,Buffet,Weekend,Dinner,69,14.0
1001437,110,157,1248,139.74,137.74,0,0,27,28.93,Dine-in,Weekday,Lunch,26,1.93
1001438,37,51,1543,485.03,484.03,0,0,69,75.35,Buffet,Weekday,Dinner,74,7.62
1001440,99,20,2826,328.86,328.86,0,0,177,220.12,Dine-in,Weekday,Lunch,185,43.12
1001441,17,110,1216,417.13,418.13,0,0,53,64.87,Delivery,Weekday,Breakfast,56,9.5
1001442,14,92,1109,287.12,289.12,0,0,204,219.31,Delivery,Weekend,Dinner,223,12.25
1001443,48,177,2139,307.49,307.49,0,0,13,15.15,Dine-in,Weekend,Breakfast,14,2.15
1001444,6,89,2139,436.53,435.53,0,0,14,14.94,Dine-in,Weekend,Dinner,15,0.94
1001445,36,153,1247,445.23,445.23,0,0,14,14.81,Delivery,Weekday,Breakfast,13,0.65
1001446,52,99,1962,680.03,679.03,0,0,217,269.13,Buffet,Weekday,Lunch,222,62.56
1001447,142,109,2826,377.33,379.33,0,0,284,333.93,Buffet,Weekday,Dinner,270,59.92
1001448,55,36,1216,406.43,406.43,0,0,69,81.0,Dine-in,Weekend,Lunch,75,12.0
1001449,112,52,1847,244.5,242.5,0,0,55,68.57,Buffet,Weekend,Dinner,50,16.28
1001451,45,132,1962,486.03,680.03,1,0,809,931.22,Buffet,Weekday,Lunch,774,146.66
1001452,58,109,2494,242.53,242.53,0,0,42,48.16,Dine-in,Weekday,Lunch,43,6.16
1001453,95,68,2704,290.03,290.03,0,0,81,99.17,Dine-in,Weekday,Lunch,88,18.17
1001454,2,14,2581,582.03,618.89,1,1,339,388.01,Delivery,Weekday,Lunch,314,39.21
1001455,79,129,1207,320.1,321.1,0,0,135,154.83,Dine-in,Weekday,Lunch,140,19.83
1001456,132,139,1207,307.52,369.63,1,1,175,185.61,Buffet,Weekend,Dinner,159,12.73
1001457,42,174,1770,485.03,486.03,0,0,26,32.15,Dine-in,Weekend,Dinner,27,6.15
1001458,143,26,2707,210.55,235.74,0,0,189,227.25,Delivery,Weekday,Lunch,174,30.6
1001459,119,67,2490,290.03,291.03,0,0,257,288.41,Buffet,Weekend,Dinner,268,37.69
1001460,8,61,1727,425.83,425.83,0,0,284,348.74,Buffet,Weekday,Dinner,262,77.69
1001461,67,76,2494,241.53,241.53,0,0,42,46.75,Delivery,Weekday,Breakfast,41,3.8
1001462,4,26,1062,178.54,177.54,0,0,324,398.51,Buffet,Weekday,Lunch,305,89.41
1001463,145,113,1902,445.23,447.23,0,0,15,17.25,Dine-in,Weekday,Lunch,14,2.25
1001464,108,86,1878,212.46,291.03,1,1,176,190.01,Buffet,Weekday,Breakfast,179,16.81
1001465,45,86,1248,155.26,154.26,0,0,121,142.73,Delivery,Weekday,Breakfast,132,17.38
1001466,41,149,2569,327.89,327.89,0,0,55,61.75,Dine-in,Weekend,Breakfast,54,6.75
1001467,33,34,2581,639.23,641.23,0,0,149,173.45,Delivery,Weekday,Dinner,163,19.56
1001469,93,89,1754,367.69,365.69,0,0,312,337.95,Dine-in,Weekday,Breakfast,331,25.95
1001470,12,10,2867,619.86,620.86,0,0,163,176.65,Buffet,Weekday,Dinner,166,16.38
1001471,64,36,1962,434.59,678.03,1,1,985,1091.99,Buffet,Weekday,Dinner,917,128.39
1001472,42,89,1247,447.23,447.23,0,0,28,32.29,Dine-in,Weekend,Lunch,30,4.29
1001473,55,104,1885,120.28,140.65,0,1,1646,1810.34,Dine-in,Weekend,Lunch,1669,164.34
1001474,144,65,1230,363.81,363.81,0,0,82,91.32,Dine-in,Weekday,Lunch,87,9.32
1001475,58,64,1207,308.46,310.46,0,0,215,230.8,Dine-in,Weekday,Lunch,225,15.8
1001476,65,74,2322,324.01,323.01,0,0,123,150.38,Buffet,Weekday,Lunch,119,32.86
1001477,65,39,2640,281.33,280.33,0,0,82,93.75,Dine-in,Weekday,Dinner,84,11.75
1001478,120,67,1207,386.12,386.12,0,0,123,134.08,Dine-in,Weekday,Lunch,120,11.08
1001479,53,50,2126,437.5,553.93,0,0,26,30.13,Delivery,Weekday,Lunch,27,3.3
1001481,100,124,2826,328.86,328.86,0,0,432,475.2,Buffet,Weekday,Lunch,437,51.84
1001482,43,66,2126,553.93,552.93,0,0,40,47.99,Dine-in,Weekday,Dinner,40,7.99
1001483,139,93,1207,355.99,357.99,0,0,55,68.0,Buffet,Weekend,Lunch,53,15.6
1001484,85,65,1770,485.03,485.03,0,0,28,31.3,Dine-in,Weekday,Breakfast,29,3.3
1001485,145,43,2867,727.53,727.53,0,0,28,34.39,Buffet,Weekday,Dinner,27,7.67
1001486,110,124,1311,65.02,213.43,0,0,67,74.72,Dine-in,Weekday,Dinner,66,7.72
1001487,28,20,2494,244.5,244.5,0,0,15,17.95,Buffet,Weekend,Dinner,14,3.54
1001488,141,104,2577,321.13,320.13,0,0,67,80.99,Buffet,Weekday,Lunch,67,16.79
1001489,37,109,2581,438.5,679.03,1,1,1067,1252.48,Dine-in,Weekday,Lunch,1089,185.48
1001490,89,109,2704,292.03,291.03,0,0,80,90.72,Buffet,Weekday,Lunch,82,12.86
1001491,55,94,1962,485.03,641.23,1,0,323,352.37,Dine-in,Weekend,Dinner,306,29.37
1001492,117,91,1885,150.35,152.35,0,0,53,59.68,Dine-in,Weekday,Dinner,54,6.68
1001493,43,113,2444,629.53,631.53,0,0,28,32.73,Dine-in,Weekday,Dinner,28,4.73
1001494,97,59,1847,195.0,194.0,0,0,41,43.7,Delivery,Weekend,Lunch,38,2.16
1001495,132,132,2631,165.93,165.93,0,0,27,28.86,Delivery,Weekend,Lunch,24,1.49
1001496,45,20,1216,408.43,408.43,0,0,28,31.45,Delivery,Weekday,Dinner,30,2.76
1001498,131,10,2826,346.29,348.29,0,0,1095,1230.19,Buffet,Weekday,Lunch,1082,162.23
1001500,21,34,1885,95.12,115.49,0,0,366,456.86,Dine-in,Weekend,Lunch,365,90.86
1001501,143,64,2322,367.63,291.03,0,1,68,80.32,Dine-in,Weekday,Dinner,64,12.32
1001502,144,14,2306,290.03,335.62,0,0,14,15.57,Delivery,Weekday,Dinner,12,1.26
1001503,40,88,1230,284.24,324.98,0,0,109,123.54,Dine-in,Weekday,Lunch,118,14.54
1001504,24,94,1558,640.23,639.23,0,0,54,67.4,Dine-in,Weekday,Lunch,50,13.4
1001505,66,30,1778,163.99,181.42,0,0,242,266.22,Delivery,Weekday,Lunch,241,19.38
1001506,129,132,1248,157.17,184.33,0,0,28,32.37,Buffet,Weekday,Lunch,28,5.24
1001507,54,64,1778,172.66,174.66,0,0,148,163.89,Dine-in,Weekday,Lunch,157,15.89
1001508,31,58,2490,194.97,239.62,1,1,917,1136.13,Delivery,Weekday,Dinner,961,175.3
1001509,22,106,1109,293.97,291.97,0,0,324,394.29,Dine-in,Weekday,Dinner,323,70.29
1001510,35,75,2304,400.67,505.43,0,0,135,150.0,Dine-in,Weekend,Breakfast,123,15.0
1001511,80,174,1878,292.03,292.03,0,0,54,64.92,Dine-in,Weekday,Dinner,51,10.92
1001512,23,26,1727,425.83,425.83,0,0,161,193.57,Dine-in,Weekday,Lunch,161,32.57
1001513,28,76,1230,395.76,397.76,0,0,149,169.9,Buffet,Weekend,Dinner,147,25.08
1001514,103,94,1993,95.12,116.43,0,1,364,437.94,Buffet,Weekday,Dinner,340,88.73
1001515,23,68,2707,227.04,226.04,0,0,229,261.54,Delivery,Weekday,Lunch,234,26.03
1001516,9,161,2444,435.53,659.63,1,1,420,504.04,Buffet,Weekday,Lunch,428,100.85
1001517,68,61,1770,465.63,464.63,0,0,13,16.06,Dine-in,Weekday,Dinner,13,3.06
1001518,92,13,1445,669.33,669.33,0,0,189,215.32,Buffet,Weekday,Dinner,202,31.58
1001519,98,29,1971,290.06,290.06,0,0,310,377.91,Delivery,Weekend,Dinner,289,54.33
1001520,38,157,2664,327.89,327.89,0,0,161,170.88,Dine-in,Weekday,Dinner,170,9.88
1001521,42,132,1062,180.42,182.42,0,0,676,839.22,Dine-in,Weekend,Lunch,739,163.22
1001522,32,97,2322,321.13,320.13,0,0,431,461.27,Buffet,Weekday,Dinner,450,36.32
1001523,121,14,2704,241.53,291.03,0,0,28,34.11,Dine-in,Weekday,Breakfast,26,6.11
1001525,127,59,1754,320.16,318.16,0,0,391,413.05,Buffet,Weekday,Lunch,355,26.46
1001526,43,41,2569,301.73,300.73,0,0,136,168.28,Dine-in,Weekday,Lunch,126,32.28
1001527,115,110,1207,305.58,305.58,0,0,68,71.79,Buffet,Weekday,Breakfast,66,4.55
1001528,110,132,2494,243.5,243.5,0,0,40,44.16,Buffet,Weekday,Breakfast,38,4.99
1001529,40,53,1230,476.33,475.33,0,0,28,32.58,Dine-in,Weekday,Breakfast,29,4.58
1001530,122,41,1525,243.53,292.03,0,0,15,17.28,Dine-in,Weekday,Lunch,16,2.28
1001531,55,53,1878,281.33,282.33,0,0,81,89.61,Dine-in,Weekend,Dinner,82,8.61
1001532,63,89,1062,181.42,180.42,0,0,296,343.82,Dine-in,Weekend,Dinner,307,47.82
1001533,129,52,1543,469.51,469.51,0,0,203,243.81,Dine-in,Weekday,Dinner,192,40.81
1001534,37,186,1248,155.26,260.93,0,0,54,67.17,Dine-in,Weekday,Dinner,52,13.17
1001535,142,75,1571,582.03,582.03,0,0,216,252.15,Buffet,Weekday,Dinner,230,43.38
1001536,17,137,1438,243.5,272.63,0,0,134,143.82,Dine-in,Weekday,Breakfast,145,9.82
1001537,131,67,2444,727.53,726.53,0,0,123,135.02,Buffet,Weekday,Lunch,119,14.42
1001538,106,43,2539,146.5,146.5,0,0,1134,1284.3,Dine-in,Weekday,Dinner,1237,150.3
1001539,51,17,2760,243.53,242.53,0,0,122,147.05,Buffet,Weekday,Dinner,125,30.06
1001540,40,80,1198,151.38,203.73,0,0,202,247.26,Buffet,Weekday,Dinner,211,54.31
1001541,56,26,1207,315.28,314.28,0,0,229,285.41,Buffet,Weekend,Lunch,222,67.69
1001542,56,106,2444,708.13,707.13,0,0,15,16.64,Dine-in,Weekend,Dinner,15,1.64
1001543,2,93,2581,581.03,611.13,1,1,175,218.12,Dine-in,Weekday,Lunch,187,43.12
1001544,86,59,1247,437.53,436.53,0,0,27,33.01,Delivery,Weekday,Lunch,25,4.81
1001545,130,89,1971,311.4,312.4,0,0,107,116.48,Dine-in,Weekday,Lunch,111,9.48
1001546,113,106,2304,472.39,474.39,0,0,55,62.87,Dine-in,Weekday,Lunch,54,7.87
1001547,24,29,1248,97.06,262.93,1,1,175,202.78,Delivery,Weekday,Breakfast,187,22.22
1001548,97,186,2126,423.89,515.13,0,0,26,32.11,Buffet,Weekend,Dinner,24,7.33
1001549,22,80,1727,446.23,447.23,0,0,663,730.08,Dine-in,Weekday,Lunch,605,67.08
1001550,48,30,1062,184.36,184.36,0,0,459,495.86,Buffet,Weekend,Dinner,420,44.23
1001551,38,91,1993,145.5,145.5,0,0,108,131.48,Dine-in,Weekday,Lunch,100,23.48
1001553,143,83,2539,120.31,120.31,0,0,404,474.14,Dine-in,Weekday,Lunch,371,70.14
1001554,34,92,2631,147.5,146.5,0,0,217,229.1,Delivery,Weekend,Lunch,219,9.68
1001555,24,61,1248,97.06,261.93,1,0,163,182.43,Delivery,Weekday,Dinner,159,15.54
1001556,58,177,2640,282.33,281.33,0,0,121,129.81,Dine-in,Weekday,Lunch,114,8.81
1001557,38,139,2290,174.66,310.43,1,1,1715,2017.64,Buffet,Weekday,Lunch,1711,363.17
1001558,109,76,1543,486.03,486.03,0,1,108,120.68,Delivery,Weekday,Breakfast,102,10.14
1001559,105,13,1216,387.03,389.03,0,0,94,109.3,Delivery,Weekend,Dinner,90,12.24
1001560,75,93,1525,244.5,292.03,0,0,68,75.22,Dine-in,Weekday,Dinner,71,7.22
1001561,137,102,1207,357.02,356.02,0,0,175,185.64,Buffet,Weekday,Dinner,157,12.77
1001562,2,101,1993,136.83,154.23,0,1,501,568.46,Delivery,Weekday,Dinner,493,53.97
1001563,84,51,2290,290.06,289.06,0,0,620,718.07,Dine-in,Weekend,Dinner,562,98.07
1001564,136,67,1778,190.15,191.15,0,0,580,675.34,Dine-in,Weekday,Breakfast,628,95.34
1001565,29,43,1558,728.53,727.53,0,0,67,71.93,Dine-in,Weekday,Breakfast,71,4.93
1001566,57,51,2126,533.53,533.53,0,0,53,64.91,Buffet,Weekday,Dinner,54,14.29
1001567,89,110,2577,282.33,280.33,0,0,82,87.71,Dine-in,Weekday,Dinner,76,5.71
1001568,60,52,1778,158.17,158.17,0,0,836,1019.69,Delivery,Weekday,Lunch,805,146.95
1001569,58,24,2577,292.03,291.03,0,0,216,250.85,Dine-in,Weekday,Dinner,227,34.85
1001570,62,149,2539,96.09,113.52,0,0,53,57.65,Dine-in,Weekend,Dinner,56,4.65
1001571,142,106,1109,306.58,305.58,0,0,258,285.22,Dine-in,Weekday,Breakfast,267,27.22
1001573,24,94,2826,280.36,281.36,0,0,162,191.13,Buffet,Weekday,Lunch,149,34.96
1001574,128,161,1878,280.33,282.33,0,0,121,142.88,Buffet,Weekday,Dinner,124,26.26
1001575,109,64,2760,243.53,243.53,0,0,41,46.8,Dine-in,Weekday,Breakfast,45,5.8
1001576,120,97,1754,330.83,329.83,0,0,580,649.8,Dine-in,Weekday,Lunch,548,69.8
1001577,122,186,2569,282.3,281.3,0,0,243,288.82,Dine-in,Weekday,Dinner,220,45.82
1001578,7,89,1778,158.17,156.17,0,0,204,224.25,Dine-in,Weekend,Dinner,198,20.25
1001579,128,108,2631,157.17,158.17,0,0,27,31.85,Delivery,Weekday,Lunch,26,3.88
1001580,4,101,1878,242.5,281.33,0,0,53,58.95,Dine-in,Weekday,Lunch,52,5.95
1001581,114,68,2867,708.13,707.13,0,0,27,29.43,Dine-in,Weekday,Dinner,24,2.43
1001582,10,110,1543,471.45,504.43,0,1,26,29.49,Buffet,Weekday,Lunch,28,4.19
1001583,122,64,2139,276.48,277.48,0,0,82,91.04,Dine-in,Weekday,Breakfast,74,9.04
1001584,61,129,2640,282.33,282.33,0,0,190,213.76,Dine-in,Weekday,Dinner,172,23.76
1001585,49,34,1248,92.21,150.38,0,0,40,47.6,Buffet,Weekend,Breakfast,40,9.12
1001586,143,81,2569,284.24,284.24,0,0,256,274.11,Delivery,Weekday,Dinner,238,14.49
1001587,59,67,2492,388.03,389.03,0,0,28,29.72,Buffet,Weekday,Dinner,26,2.06
1001588,122,91,1727,466.63,466.63,0,0,95,106.68,Dine-in,Weekday,Dinner,97,11.68
1001590,15,65,1993,112.52,114.52,0,0,743,808.91,Delivery,Weekday,Lunch,669,52.73
1001591,37,73,1230,316.25,317.25,0,0,108,119.6,Dine-in,Weekday,Dinner,115,11.6
1001592,45,109,1230,474.33,474.33,0,0,14,16.23,Dine-in,Weekday,Lunch,12,2.23
1001593,86,23,2494,214.43,212.43,0,0,26,32.3,Dine-in,Weekday,Dinner,27,6.3
1001594,44,75,1878,280.33,281.33,0,0,148,161.25,Buffet,Weekday,Lunch,153,15.9
1001595,135,104,1311,181.39,182.39,0,0,377,468.84,Buffet,Weekday,Dinner,359,110.21
1001596,92,146,1885,120.31,121.31,0,0,460,554.49,Dine-in,Weekday,Breakfast,442,94.49
1001597,93,41,1216,341.5,418.13,0,0,13,14.84,Dine-in,Weekday,Dinner,11,1.84
1001598,97,113,1230,323.01,324.01,0,0,190,209.22,Buffet,Weekend,Dinner,206,23.06
1001599,38,74,2290,177.57,310.43,1,1,1905,2027.15,Dine-in,Weekday,Dinner,2018,122.15
1001600,94,113,1207,313.37,311.37,0,0,217,250.38,Dine-in,Weekday,Lunch,222,33.38
1001601,70,24,2956,629.53,630.53,0,0,68,83.49,Delivery,Weekend,Breakfast,62,12.39
1001602,53,53,1062,183.36,184.36,0,0,352,418.28,Buffet,Weekday,Dinner,327,79.54
1001603,50,23,1109,305.58,304.58,0,0,609,693.49,Buffet,Weekday,Lunch,603,101.39
1001604,125,58,1248,137.74,138.74,0,0,26,29.28,Dine-in,Weekend,Breakfast,24,3.28
1001606,130,64,1770,447.23,445.23,0,0,40,46.42,Dine-in,Weekday,Lunch,39,6.42
1001607,123,24,2539,152.35,151.35,0,0,446,491.95,Dine-in,Weekday,Dinner,445,45.95
1001608,88,104,1445,670.33,670.33,0,0,95,113.61,Dine-in,Weekday,Dinner,96,18.61
1001609,118,110,1207,312.34,314.34,0,0,284,321.89,Buffet,Weekend,Dinner,304,45.47
1001610,25,20,2640,282.33,282.33,0,0,162,173.51,Dine-in,Weekday,Breakfast,152,11.51
1001611,143,89,2760,242.53,241.53,0,0,149,158.63,Buffet,Weekday,Lunch,137,11.56
1001612,101,174,2539,150.41,146.53,0,1,825,897.81,Dine-in,Weekday,Lunch,874,72.81
1001613,91,66,2707,189.15,214.4,0,0,675,832.43,Dine-in,Weekend,Lunch,679,157.43
1001614,31,143,2290,278.42,309.43,0,0,662,766.76,Delivery,Weekday,Lunch,658,83.81
1001615,105,129,1525,260.93,261.93,0,0,67,82.24,Delivery,Weekend,Breakfast,62,12.19
1001616,56,52,1109,321.13,321.13,0,0,716,781.39,Buffet,Weekend,Breakfast,720,78.47
1001617,132,143,1993,116.46,116.46,0,0,298,322.19,Buffet,Weekend,Dinner,311,29.03
1001618,118,77,1207,324.98,323.98,0,0,96,106.21,Dine-in,Weekend,Dinner,103,10.21
1001619,94,10,1543,485.03,484.03,0,0,364,414.6,Buffet,Weekday,Lunch,382,60.72
1001620,44,186,2867,630.53,629.53,0,0,42,50.22,Dine-in,Weekday,Dinner,41,8.22
1001621,40,162,1962,474.39,639.23,0,1,283,335.73,Dine-in,Weekday,Dinner,297,52.73
1001622,88,177,2290,266.78,265.78,0,0,312,374.66,Buffet,Weekday,Breakfast,330,75.19
1001623,64,93,1727,404.55,402.55,0,0,136,163.27,Dine-in,Weekday,Lunch,127,27.27
1001625,41,149,2581,641.23,640.23,0,0,28,34.11,Dine-in,Weekend,Dinner,27,6.11
1001626,130,23,2577,292.03,291.03,0,0,15,16.59,Delivery,Weekday,Dinner,16,1.27
1001627,10,77,2126,553.93,552.93,0,0,40,48.71,Buffet,Weekday,Dinner,42,10.45
1001628,144,51,1445,484.03,728.53,1,1,337,363.31,Dine-in,Weekday,Breakfast,325,26.31
1001629,59,57,1247,484.03,485.03,0,0,13,15.4,Dine-in,Weekday,Dinner,12,2.4
1001631,144,108,2577,321.13,320.13,0,0,134,141.0,Dine-in,Weekday,Lunch,133,7.0
1001632,71,94,1543,563.63,561.63,0,0,28,32.17,Dine-in,Weekday,Dinner,26,4.17
1001633,30,137,2640,280.33,280.33,0,0,337,365.66,Dine-in,Weekday,Lunch,349,28.66
1001634,99,55,2139,296.82,296.82,0,0,40,48.97,Dine-in,Weekday,Lunch,37,8.97
1001635,98,74,2760,242.53,242.53,0,0,13,13.86,Dine-in,Weekend,Breakfast,12,0.86
1001636,47,77,1062,185.33,183.33,0,0,96,111.17,Buffet,Weekday,Dinner,97,18.2
1001637,95,143,1109,291.03,320.13,1,1,1268,1446.69,Buffet,Weekday,Dinner,1229,214.43
1001639,31,80,2707,230.92,229.92,0,0,499,620.8,Dine-in,Weekday,Lunch,472,121.8
1001641,38,110,2631,151.35,151.35,0,0,81,95.55,Dine-in,Weekday,Dinner,85,14.55
1001643,65,137,2539,143.62,142.62,0,0,1214,1450.55,Delivery,Weekday,Lunch,1333,189.24
1001644,32,39,2640,280.33,282.33,0,0,81,100.68,Dine-in,Weekday,Breakfast,79,19.68
1001645,47,132,1754,238.62,292.97,0,0,755,823.78,Delivery,Weekday,Lunch,680,55.02
1001646,75,57,1993,122.28,120.28,0,0,150,175.83,Buffet,Weekday,Dinner,142,31.0
1001648,78,76,1311,192.09,212.43,0,0,135,164.04,Delivery,Weekday,Breakfast,129,23.23
1001649,4,139,1248,92.15,146.5,0,0,28,34.29,Dine-in,Weekday,Breakfast,29,6.29
1001650,135,88,1207,364.72,365.72,0,0,150,187.36,Buffet,Weekday,Dinner,146,44.83
1001651,110,106,1216,339.5,340.5,0,0,13,15.58,Dine-in,Weekday,Breakfast,13,2.58
1001652,13,99,1558,533.53,582.03,1,1,258,280.04,Dine-in,Weekend,Breakfast,239,22.04
1001653,60,143,1062,162.99,162.99,0,0,148,179.38,Dine-in,Weekday,Dinner,147,31.38
1001654,122,143,1778,179.48,180.48,0,0,54,61.04,Dine-in,Weekday,Lunch,54,7.04
1001656,52,57,1885,95.06,96.09,1,1,609,729.15,Dine-in,Weekday,Lunch,601,120.15
1001657,134,20,1885,149.38,150.38,0,0,771,868.61,Dine-in,Weekday,Dinner,771,97.61
1001658,120,36,1571,581.03,582.03,0,0,188,203.76,Dine-in,Weekday,Lunch,191,15.76
1001660,33,30,2304,388.03,486.03,0,0,55,58.17,Dine-in,Weekday,Dinner,60,3.17
1001661,127,27,1993,151.38,150.38,0,1,1162,1296.67,Dine-in,Weekday,Lunch,1274,134.67
1001662,29,52,1198,161.05,161.05,0,0,567,649.16,Buffet,Weekday,Dinner,561,98.59
1001663,129,109,1847,194.0,194.0,0,0,54,59.52,Dine-in,Weekday,Lunch,53,5.52
1001664,25,11,2704,290.03,292.03,0,1,123,146.58,Dine-in,Weekday,Dinner,124,23.58
1001665,80,59,1216,407.43,408.43,0,0,26,31.95,Dine-in,Weekday,Lunch,28,5.95
1001666,51,43,1558,679.03,679.03,0,0,215,228.41,Delivery,Weekday,Breakfast,228,10.73
1001667,3,43,2306,246.41,340.53,0,1,404,481.39,Buffet,Weekday,Lunch,414,92.87
1001668,129,57,1962,511.19,660.63,0,0,229,280.76,Dine-in,Weekday,Breakfast,238,51.76
1001669,53,137,2867,387.03,618.86,1,0,689,842.2,Buffet,Weekday,Lunch,699,183.84
1001670,27,102,2306,242.5,242.5,0,0,14,16.96,Buffet,Weekend,Dinner,14,3.55
1001671,98,66,2139,290.03,290.03,0,0,68,83.96,Dine-in,Weekend,Lunch,70,15.96
1001672,60,93,1062,153.26,175.6,0,0,432,472.24,Delivery,Weekday,Lunch,415,32.19
1001673,29,59,2640,280.33,280.33,0,0,189,211.12,Buffet,Weekday,Dinner,200,26.54
1001674,79,59,1902,447.23,447.23,0,0,41,44.55,Dine-in,Weekday,Dinner,43,3.55
1001675,63,97,2104,629.53,630.53,0,0,28,33.25,Dine-in,Weekend,Lunch,26,5.25
1001676,81,14,1109,309.43,311.43,0,0,339,368.47,Dine-in,Weekday,Breakfast,340,29.47
1001677,122,51,1778,191.09,193.09,0,0,647,798.89,Buffet,Weekday,Lunch,628,182.27
1001678,140,106,1778,172.72,172.72,0,0,161,200.83,Dine-in,Weekend,Lunch,145,39.83
1001679,64,67,1230,466.63,466.63,0,0,15,17.57,Buffet,Weekday,Breakfast,16,3.08
1001681,61,89,2760,213.43,241.53,0,1,176,201.62,Buffet,Weekday,Lunch,160,30.74
1001683,5,61,1727,247.38,427.83,1,1,960,1162.6,Buffet,Weekday,Breakfast,963,243.12
1001684,74,50,1571,631.53,630.53,0,0,68,71.66,Dine-in,Weekday,Breakfast,64,3.66
1001685,113,58,1207,314.31,313.31,0,0,203,221.57,Dine-in,Weekday,Lunch,215,18.57
1001686,49,174,2707,188.18,221.22,0,0,1081,1161.92,Buffet,Weekend,Lunch,1052,97.1
1001687,140,174,1902,387.03,446.23,0,0,40,43.99,Dine-in,Weekend,Dinner,43,3.99
1001688,98,10,2826,246.44,320.13,0,0,1215,1426.01,Dine-in,Weekend,Dinner,1330,211.01
1001689,47,76,1109,227.01,310.4,0,0,595,648.59,Delivery,Weekday,Lunch,543,42.87
1001690,135,30,2707,234.74,234.74,0,0,216,249.54,Dine-in,Weekday,Breakfast,196,33.54
1001691,36,17,2569,361.81,363.81,0,0,94,104.08,Buffet,Weekday,Dinner,96,12.1
1001692,138,64,2826,327.92,326.92,0,0,149,162.37,Buffet,Weekday,Dinner,162,16.04
1001693,74,20,2707,170.72,188.24,1,0,932,1137.62,Dine-in,Weekday,Breakfast,944,205.62
1001695,77,51,2826,321.13,319.13,0,0,284,346.48,Dine-in,Weekend,Dinner,295,62.48
1001696,105,53,2126,435.53,533.53,0,1,80,91.16,Dine-in,Weekend,Breakfast,87,11.16
1001697,74,83,1207,322.04,322.04,0,0,230,256.85,Delivery,Weekday,Breakfast,235,21.48
1001698,10,51,2826,243.5,300.76,1,0,1324,1568.66,Delivery,Weekday,Dinner,1434,195.73
1001699,77,143,1062,178.54,177.54,0,0,175,210.12,Dine-in,Weekend,Dinner,187,35.12
1001700,60,86,1216,407.43,406.43,0,0,15,16.59,Buffet,Weekday,Dinner,14,1.91
1001702,32,58,2631,154.29,260.93,0,1,189,222.26,Buffet,Weekday,Dinner,206,39.91
1001703,22,11,2760,243.53,241.53,0,0,81,85.55,Delivery,Weekday,Dinner,77,3.64
1001704,145,17,1971,344.35,346.35,0,0,121,146.25,Buffet,Weekday,Dinner,118,30.3
1001705,41,152,1543,465.63,466.63,0,0,27,30.26,Delivery,Weekend,Lunch,26,2.61
1001706,66,124,1109,294.88,294.88,0,0,501,578.22,Buffet,Weekday,Breakfast,490,92.66
1001708,9,50,1993,119.31,120.28,0,1,1027,1142.19,Buffet,Weekday,Dinner,1113,138.23
1001709,93,32,2956,582.03,583.03,0,0,67,75.99,Buffet,Weekday,Lunch,72,10.79
1001710,50,52,1525,292.03,290.03,0,0,392,444.42,Dine-in,Weekday,Lunch,366,52.42
1001711,45,27,1198,136.77,241.59,0,0,96,106.52,Buffet,Weekday,Lunch,94,12.62
1001712,70,81,1778,179.51,177.51,0,0,123,151.26,Delivery,Weekend,Lunch,112,22.61
1001713,76,86,1543,484.03,484.03,0,0,13,13.66,Buffet,Weekend,Dinner,12,0.79
1001714,34,13,1885,146.5,163.96,0,1,1998,2435.15,Dine-in,Weekend,Lunch,1833,437.15
1001715,123,139,2640,242.53,282.33,0,0,81,87.46,Dine-in,Weekday,Dinner,83,6.46
1001716,140,145,2581,549.08,548.08,0,0,229,270.19,Dine-in,Weekend,Breakfast,215,41.19
1001717,1,36,1971,254.17,322.04,1,0,337,400.69,Dine-in,Weekday,Dinner,331,63.69
1001718,141,76,1230,389.0,462.75,0,0,15,18.58,Dine-in,Weekday,Lunch,15,3.58
1001719,77,73,2569,328.89,326.89,0,0,352,423.23,Delivery,Weekend,Lunch,350,56.98
1001720,84,32,1543,387.03,561.63,0,0,177,216.16,Dine-in,Weekend,Breakfast,189,39.16
1001721,108,51,1803,137.77,160.05,0,0,190,234.33,Dine-in,Weekday,Dinner,178,44.33
1001722,92,67,1445,669.33,668.33,0,0,107,132.14,Buffet,Weekday,Lunch,106,30.17
1001723,123,58,1885,119.37,117.37,0,0,95,104.38,Dine-in,Weekday,Lunch,98,9.38
1001724,68,86,2664,336.65,335.65,0,0,474,577.99,Buffet,Weekday,Breakfast,499,124.79
1001725,115,104,1754,322.04,324.04,0,1,540,634.38,Buffet,Weekday,Dinner,501,113.26
1001726,132,11,1230,333.74,335.62,0,1,243,293.31,Buffet,Weekend,Dinner,242,60.37
1001727,92,81,1778,159.11,160.11,0,0,242,300.98,Dine-in,Weekday,Lunch,255,58.98
1001728,121,177,2322,320.13,311.4,1,1,350,412.12,Dine-in,Weekday,Dinner,355,62.12
1001729,104,10,1971,324.04,322.04,0,0,229,257.47,Buffet,Weekend,Dinner,227,34.16
1001730,80,126,2826,291.03,291.03,0,0,230,287.19,Buffet,Weekday,Lunch,243,68.63
1001731,123,83,1754,300.76,300.76,0,0,432,469.27,Dine-in,Weekday,Dinner,473,37.27
1001733,40,72,1727,445.23,445.23,0,0,458,482.5,Dine-in,Weekday,Breakfast,435,24.5
1001734,78,137,2126,534.53,534.53,0,0,123,131.46,Dine-in,Weekday,Dinner,127,8.46
1001735,145,66,2569,237.68,283.24,0,0,445,477.99,Dine-in,Weekday,Breakfast,439,32.99
1001736,53,80,1248,155.26,155.26,0,0,41,49.33,Dine-in,Weekday,Dinner,40,8.33
1001737,142,161,1885,120.31,119.31,0,0,405,456.92,Delivery,Weekday,Dinner,370,41.54
1001738,91,186,1571,581.03,583.03,0,0,15,18.65,Dine-in,Weekend,Breakfast,15,3.65
1001739,95,124,1754,310.43,310.43,0,0,163,173.75,Dine-in,Weekday,Dinner,159,10.75
1001740,45,109,2631,149.38,150.38,0,0,53,63.5,Buffet,Weekday,Breakfast,47,12.6
1001741,64,30,1230,452.99,454.99,0,0,55,65.23,Delivery,Weekday,Lunch,59,8.18
1001742,38,27,1207,426.8,427.8,0,0,15,18.07,Delivery,Weekday,Breakfast,15,2.46
1001743,99,42,2539,120.31,121.31,0,0,96,119.82,Buffet,Weekday,Dinner,94,28.58
1001744,41,86,1962,648.93,649.93,0,0,366,429.46,Dine-in,Weekend,Lunch,396,63.46
1001745,104,57,1971,321.07,323.07,0,0,310,361.62,Dine-in,Weekend,Lunch,316,51.62
1001746,61,34,1993,96.06,119.31,0,0,595,683.3,Dine-in,Weekday,Dinner,579,88.3
1001747,62,109,2492,387.03,387.03,0,0,40,47.32,Buffet,Weekend,Lunch,40,8.78
1001748,22,88,1230,322.1,320.1,0,0,135,158.87,Dine-in,Weekday,Breakfast,134,23.87
1001750,24,102,1878,280.33,281.33,0,0,13,14.8,Buffet,Weekday,Dinner,12,2.16
1001751,43,30,2490,237.71,237.71,0,0,323,397.75,Dine-in,Weekday,Lunch,337,74.75
1001752,131,186,1993,120.28,121.28,0,0,203,251.5,Dine-in,Weekday,Dinner,214,48.5
1001754,116,52,2867,688.73,687.73,0,0,108,125.27,Buffet,Weekday,Breakfast,108,20.72
1001755,144,27,1198,189.18,190.18,0,0,121,142.69,Buffet,Weekday,Lunch,126,26.03
1001756,75,39,2290,257.05,257.05,0,0,447,494.15,Dine-in,Weekday,Lunch,407,47.15
1001757,40,97,1754,310.43,310.43,0,0,352,431.65,Dine-in,Weekday,Lunch,363,79.65
1001758,42,76,2322,476.33,475.33,0,0,54,65.36,Delivery,Weekend,Lunch,50,9.09
1001760,23,13,1993,161.99,161.99,0,0,1701,1911.63,Dine-in,Weekday,Dinner,1849,210.63
1001761,9,30,1543,438.5,437.5,0,0,82,98.23,Dine-in,Weekday,Lunch,81,16.23
1001762,88,29,1558,485.03,641.23,0,0,204,214.7,Buffet,Weekday,Dinner,208,12.84
1001763,94,153,2956,583.03,583.03,0,0,67,80.88,Dine-in,Weekday,Breakfast,65,13.88
1001764,71,41,1109,311.43,309.43,0,0,94,105.26,Dine-in,Weekday,Lunch,87,11.26
1001766,90,126,2664,315.28,315.28,0,0,216,229.46,Delivery,Weekend,Lunch,227,10.77
1001767,3,132,2304,486.03,485.03,0,0,80,98.19,Buffet,Weekday,Dinner,85,21.83
1001768,137,41,2490,290.03,290.03,0,0,121,138.07,Dine-in,Weekday,Lunch,119,17.07
1001769,89,68,1778,153.29,178.51,0,0,229,241.52,Dine-in,Weekday,Lunch,241,12.52
1001770,48,102,1216,417.13,417.13,0,0,26,29.9,Buffet,Weekend,Lunch,26,4.68
1001771,103,80,2704,290.03,291.03,0,0,95,113.87,Dine-in,Weekday,Breakfast,104,18.87
1001772,47,14,2304,486.03,484.03,0,0,53,63.53,Buffet,Weekday,Lunch,52,12.64
1001773,112,94,1571,581.03,582.03,0,0,14,17.41,Buffet,Weekend,Dinner,13,4.09
1001774,142,53,2490,291.03,291.03,0,0,177,217.25,Dine-in,Weekday,Dinner,186,40.25
1001775,54,57,2569,327.89,326.89,0,0,365,431.61,Dine-in,Weekday,Lunch,382,66.61
1001776,122,153,2581,669.33,668.33,0,0,149,177.84,Buffet,Weekday,Lunch,154,34.61
1001777,54,68,1962,640.23,640.23,0,0,162,190.86,Dine-in,Weekday,Breakfast,176,28.86
1001778,3,161,1754,281.33,281.33,0,0,136,154.29,Dine-in,Weekday,Breakfast,142,18.29
1001779,78,113,2640,280.33,282.33,0,0,28,34.82,Dine-in,Weekday,Dinner,25,6.82
1001780,116,11,1803,164.93,197.94,0,0,553,631.89,Buffet,Weekday,Dinner,527,94.67
1001781,4,30,1543,484.03,486.03,0,0,53,65.72,Dine-in,Weekday,Dinner,56,12.72
1001782,101,157,1778,160.05,149.41,1,0,68,71.72,Delivery,Weekday,Breakfast,70,2.98
1001783,41,83,2322,317.25,316.25,0,0,215,233.8,Buffet,Weekend,Dinner,201,22.56
1001784,79,43,2569,335.65,334.65,0,0,311,348.33,Buffet,Weekday,Lunch,323,44.8
1001785,26,20,1230,389.0,390.0,0,0,68,82.86,Buffet,Weekday,Lunch,61,17.83
1001786,139,59,2631,93.15,165.93,0,0,148,183.16,Dine-in,Weekend,Lunch,155,35.16
1001787,77,97,2492,445.23,447.23,0,0,53,56.6,Delivery,Weekend,Breakfast,49,2.88
1001788,108,106,1062,155.2,157.2,0,0,285,353.8,Buffet,Weekday,Dinner,280,82.56
1001789,103,64,1109,288.12,320.13,0,0,135,150.6,Buffet,Weekday,Lunch,135,18.72
1001791,145,143,2104,582.03,581.03,0,0,69,79.72,Buffet,Weekday,Dinner,70,12.86
1001792,21,186,2664,327.89,326.89,0,0,162,174.15,Dine-in,Weekend,Dinner,151,12.15
1001793,95,41,2492,388.03,388.03,0,0,40,42.98,Dine-in,Weekday,Breakfast,38,2.98
1001794,122,20,2956,582.03,583.03,0,0,42,46.41,Buffet,Weekday,Dinner,45,5.29
1001795,57,109,2306,338.53,340.53,0,0,28,34.45,Dine-in,Weekday,Breakfast,28,6.45
1001796,126,41,2826,346.29,348.29,0,0,55,64.64,Delivery,Weekend,Dinner,57,7.71
1001798,138,177,1962,548.08,548.08,0,0,42,45.28,Delivery,Weekday,Dinner,44,2.62
1001799,79,92,1885,119.34,120.34,0,0,68,84.67,Dine-in,Weekday,Breakfast,61,16.67
1001800,143,174,2826,378.33,379.33,0,0,688,812.56,Delivery,Weekday,Lunch,756,99.65
1001801,20,126,1311,147.47,147.47,0,0,878,948.12,Delivery,Weekend,Lunch,850,56.1
1001802,4,32,1971,291.06,291.06,0,0,203,241.59,Dine-in,Weekday,Lunch,204,38.59
1001804,12,145,2306,242.5,244.5,0,0,95,110.44,Buffet,Weekday,Breakfast,89,18.53
1001805,50,27,2707,194.0,227.01,0,0,1160,1430.94,Delivery,Weekday,Breakfast,1160,216.75
1001806,140,108,2304,485.03,486.03,0,0,41,43.5,Buffet,Weekend,Lunch,39,3.0
1001807,107,92,2664,281.3,281.3,0,0,310,360.43,Dine-in,Weekday,Dinner,329,50.43
1001808,118,59,2631,153.29,153.29,0,0,161,169.35,Buffet,Weekend,Lunch,151,10.02
1001809,63,42,2631,150.35,150.35,0,0,69,85.07,Dine-in,Weekend,Lunch,69,16.07
1001810,87,149,1727,426.83,425.83,0,0,54,66.63,Buffet,Weekday,Dinner,55,15.16
1001811,60,108,2704,291.03,290.03,0,1,391,421.04,Delivery,Weekday,Dinner,370,24.03
1001812,129,39,2569,339.53,340.53,0,0,689,733.25,Dine-in,Weekday,Dinner,714,44.25
1001813,134,17,1062,160.05,192.06,0,0,312,387.77,Dine-in,Weekday,Dinner,295,75.77
1001814,43,30,1198,161.05,161.05,0,0,28,31.35,Buffet,Weekday,Dinner,26,4.02
1001815,108,146,2126,486.94,486.94,0,0,80,84.37,Dine-in,Weekday,Breakfast,76,4.37
1001816,83,153,1543,387.03,484.03,0,0,96,114.42,Dine-in,Weekend,Lunch,89,18.42
1001817,80,80,1062,181.39,183.39,0,0,432,506.55,Buffet,Weekday,Breakfast,470,89.46
1001818,24,20,1438,243.5,244.5,0,0,15,17.83,Delivery,Weekday,Lunch,15,2.26
1001819,80,30,2577,290.03,290.03,0,0,163,176.55,Dine-in,Weekday,Breakfast,151,13.55
1001820,116,124,2704,290.03,292.03,0,0,54,62.61,Dine-in,Weekday,Dinner,55,8.61
1001821,110,77,2640,216.37,281.33,0,1,379,436.42,Dine-in,Weekday,Lunch,357,57.42
1001822,5,89,2704,291.03,291.03,0,0,94,104.27,Buffet,Weekday,Lunch,94,12.32
1001823,123,109,2322,491.82,492.82,0,0,134,145.01,Dine-in,Weekday,Dinner,127,11.01
1001824,143,149,1230,357.02,357.02,0,0,82,101.63,Delivery,Weekday,Dinner,78,15.7
1001825,53,24,2867,387.03,620.86,1,1,338,404.55,Delivery,Weekday,Dinner,359,53.24
1001826,102,99,2494,194.0,196.0,0,0,81,89.47,Dine-in,Weekday,Lunch,83,8.47
1001827,85,74,1216,417.13,416.13,0,0,14,15.99,Delivery,Weekday,Dinner,13,1.59
1001828,137,39,1543,382.18,484.09,1,0,134,162.08,Delivery,Weekday,Dinner,126,22.46
1001829,123,59,2290,267.75,267.75,0,0,932,1138.32,Dine-in,Weekday,Dinner,900,206.32
1001830,85,75,1062,174.66,172.66,0,0,877,1025.3,Dine-in,Weekday,Dinner,835,148.3
1001831,83,77,2760,241.53,241.53,0,0,27,29.33,Dine-in,Weekend,Breakfast,27,2.33
1001833,119,55,1778,182.42,181.42,0,0,202,238.36,Dine-in,Weekend,Lunch,187,36.36
1001834,42,113,2490,243.5,244.5,1,1,1675,1769.78,Dine-in,Weekend,Breakfast,1643,94.78
1001835,115,58,2826,311.43,309.43,0,0,176,196.91,Dine-in,Weekday,Dinner,161,20.91
1001836,16,51,1525,291.03,290.03,0,0,135,155.05,Buffet,Weekday,Lunch,132,24.06
1001838,145,177,2707,201.82,200.82,0,0,446,479.74,Dine-in,Weekday,Lunch,401,33.74
1001839,28,89,1962,727.53,583.03,0,1,190,199.56,Buffet,Weekend,Lunch,206,11.47
1001840,38,32,1109,282.33,282.33,0,0,567,628.02,Delivery,Weekday,Lunch,534,48.82
1001841,39,65,2322,298.76,298.76,0,0,190,219.12,Dine-in,Weekday,Breakfast,188,29.12
1001842,43,59,2826,319.13,321.13,0,0,513,571.56,Buffet,Weekday,Lunch,481,70.27
1001843,110,152,2539,98.0,119.34,0,0,69,83.76,Delivery,Weekday,Lunch,72,11.81
1001844,117,53,1248,154.26,153.26,0,0,28,32.52,Dine-in,Weekday,Lunch,27,4.52
1001845,58,89,1230,466.63,464.63,0,0,80,84.34,Delivery,Weekday,Dinner,83,3.47
1001846,58,32,1878,280.33,282.33,0,0,26,32.01,Dine-in,Weekday,Lunch,28,6.01
1001847,56,57,2631,149.41,148.41,0,0,42,49.29,Buffet,Weekend,Lunch,45,8.75
1001848,143,77,1754,285.18,285.18,0,0,810,919.12,Dine-in,Weekday,Breakfast,832,109.12
1001849,4,41,2640,254.2,280.33,0,0,54,64.05,Dine-in,Weekday,Dinner,54,10.05
1001850,16,14,1847,244.5,272.63,0,0,15,18.71,Buffet,Weekday,Dinner,14,4.45
1001851,128,104,2322,390.0,500.55,0,0,243,260.51,Dine-in,Weekday,Lunch,243,17.51
1001852,145,52,1230,382.24,380.24,0,0,80,94.45,Buffet,Weekday,Breakfast,73,17.34
1001853,30,109,2569,362.81,362.81,0,0,188,229.77,Dine-in,Weekday,Breakfast,204,41.77
1001854,139,10,2640,320.13,321.13,0,0,284,353.76,Delivery,Weekend,Lunch,259,55.81
1001855,69,59,1971,193.09,291.03,0,1,1230,1473.81,Dine-in,Weekend,Lunch,1279,243.81
1001856,25,143,2640,280.33,280.33,0,0,231,275.96,Dine-in,Weekday,Dinner,238,44.96
1001857,57,43,2867,609.19,610.19,0,0,134,166.55,Delivery,Weekday,Lunch,143,26.04
1001858,97,23,1847,194.0,196.0,0,0,28,34.16,Dine-in,Weekend,Dinner,25,6.16
1001859,88,75,2569,254.2,309.43,0,0,298,355.94,Dine-in,Weekday,Lunch,319,57.94
1001860,121,42,1247,389.03,446.23,0,0,55,65.95,Buffet,Weekday,Lunch,55,13.14
1001861,56,126,2322,451.05,452.05,0,0,53,64.84,Buffet,Weekend,Dinner,55,14.21
1001862,84,129,2306,349.23,349.23,0,0,14,15.2,Buffet,Weekend,Lunch,12,1.44
1001863,120,157,2760,219.28,241.53,0,0,27,28.79,Buffet,Weekday,Dinner,26,2.15
1001864,104,81,1754,292.03,291.03,0,0,472,566.47,Dine-in,Weekend,Breakfast,482,94.47
1001865,102,75,1878,281.33,282.33,0,1,690,805.36,Dine-in,Weekday,Lunch,653,115.36
1001866,117,110,1902,445.23,447.23,0,0,41,50.61,Buffet,Weekday,Dinner,42,11.53
1001867,87,13,1216,408.43,407.43,0,0,188,200.74,Dine-in,Weekday,Lunch,178,12.74
1001868,58,162,2760,242.53,242.53,0,0,15,18.16,Dine-in,Weekday,Lunch,16,3.16
1001869,59,17,2569,361.81,361.81,0,0,96,102.64,Delivery,Weekday,Lunch,91,5.31
1001870,82,162,1878,282.33,281.33,0,0,53,63.97,Delivery,Weekday,Lunch,56,8.78
1001871,95,174,1803,141.62,187.24,0,0,122,147.88,Dine-in,Weekday,Dinner,121,25.88
1001872,76,110,1778,183.39,183.39,0,0,311,388.01,Delivery,Weekend,Breakfast,299,61.61
1001873,15,51,1558,610.13,612.13,0,0,107,115.67,Dine-in,Weekday,Breakfast,110,8.67
1001874,29,139,1525,243.53,282.33,1,1,41,45.45,Dine-in,Weekday,Lunch,44,4.45
1001875,30,73,1230,325.98,323.98,0,0,96,111.91,Delivery,Weekday,Lunch,97,12.73
1001876,1,157,1971,260.99,260.93,1,0,554,625.89,Dine-in,Weekday,Dinner,518,71.89
1001877,94,113,1754,322.07,323.07,0,0,539,615.55,Delivery,Weekday,Lunch,532,61.24
1001878,75,83,2444,630.53,631.53,0,0,27,28.7,Delivery,Weekday,Breakfast,28,1.36
1001879,19,20,2577,282.33,281.33,0,0,107,121.93,Dine-in,Weekday,Lunch,102,14.93
1001880,27,11,1993,122.28,122.28,0,0,823,1006.23,Dine-in,Weekend,Breakfast,853,183.23
1001881,56,102,1778,155.26,175.63,0,0,162,170.26,Buffet,Weekend,Lunch,149,9.91
1001882,82,161,2577,281.33,281.33,0,0,94,100.38,Delivery,Weekday,Lunch,98,5.1
1001883,107,55,2707,194.06,194.06,0,0,188,216.72,Dine-in,Weekday,Breakfast,169,28.72
1001884,10,17,2581,602.4,602.4,0,0,96,112.56,Dine-in,Weekday,Dinner,103,16.56
1001885,80,14,2539,145.53,146.53,0,0,296,323.69,Buffet,Weekday,Breakfast,274,33.23
1001886,133,132,2494,194.0,195.0,0,0,80,88.43,Dine-in,Weekend,Breakfast,75,8.43
1001887,121,80,1571,583.03,583.03,0,0,28,31.46,Buffet,Weekday,Lunch,30,4.15
1001889,12,186,1962,534.53,582.03,1,0,216,239.97,Delivery,Weekday,Dinner,232,19.18
1001890,51,67,1962,679.03,678.03,0,0,378,462.23,Delivery,Weekday,Dinner,351,67.38
1001891,23,132,1062,159.08,183.36,0,0,798,854.09,Delivery,Weekday,Breakfast,771,44.87
1001892,105,11,1803,201.79,202.79,0,0,621,678.79,Buffet,Weekend,Dinner,616,69.35
1001893,34,76,1438,256.08,257.08,0,0,175,188.94,Delivery,Weekend,Lunch,188,11.15
1001895,142,57,2826,327.92,325.92,0,0,190,211.28,Buffet,Weekday,Dinner,185,25.54
1001896,108,52,2640,212.46,292.03,1,1,743,840.64,Dine-in,Weekday,Lunch,808,97.64
1001897,43,36,2631,154.26,153.26,0,0,55,65.7,Delivery,Weekday,Breakfast,49,8.56
1001898,117,76,2304,388.03,473.39,0,0,136,163.53,Buffet,Weekday,Dinner,142,33.04
1001899,77,74,2569,327.89,328.89,0,0,123,132.73,Dine-in,Weekend,Breakfast,112,9.73
1001900,84,145,1754,322.07,323.07,0,0,230,283.48,Delivery,Weekend,Lunch,230,42.78
1001901,74,23,1803,160.05,200.82,0,0,81,94.66,Dine-in,Weekday,Dinner,85,13.66
1001902,139,36,2826,378.33,379.33,0,0,541,642.33,Buffet,Weekend,Lunch,551,121.6
1001903,85,110,1247,447.23,446.23,0,0,42,46.54,Dine-in,Weekday,Breakfast,42,4.54
1001904,87,149,2322,314.31,313.31,0,0,80,92.58,Dine-in,Weekday,Breakfast,77,12.58
1001906,14,43,1803,147.5,145.5,0,0,446,480.34,Delivery,Weekend,Dinner,474,27.47
1001907,52,55,2581,680.03,679.03,0,0,68,79.61,Delivery,Weekday,Breakfast,67,9.29
1001908,99,59,2490,280.36,281.36,0,0,217,236.15,Dine-in,Weekday,Dinner,223,19.15
1001909,136,186,2631,95.06,154.26,0,1,163,185.24,Buffet,Weekday,Lunch,169,26.69
1001910,8,101,2290,162.99,304.61,0,1,716,847.57,Dine-in,Weekday,Lunch,685,131.57
1001911,10,29,2704,247.38,281.33,0,1,216,232.49,Dine-in,Weekday,Breakfast,200,16.49
1001912,4,23,2704,242.5,281.33,0,0,94,105.87,Dine-in,Weekday,Dinner,91,11.87
1001913,113,59,2539,150.38,150.38,0,0,365,427.43,Dine-in,Weekday,Breakfast,345,62.43
1001914,134,57,2322,353.11,352.11,0,0,150,178.05,Delivery,Weekday,Breakfast,160,22.44
1001915,145,83,1558,547.08,547.08,0,0,148,169.07,Buffet,Weekday,Breakfast,149,25.28
1001916,93,86,2577,291.03,291.03,0,0,81,94.12,Dine-in,Weekday,Lunch,85,13.12
1001917,122,83,2640,282.33,280.33,0,0,296,369.82,Buffet,Weekday,Breakfast,302,88.58
1001918,141,36,2577,319.13,319.13,0,0,136,169.09,Buffet,Weekday,Lunch,124,39.71
1001919,113,41,2704,291.03,292.03,0,0,13,14.09,Buffet,Weekday,Dinner,13,1.31
1001920,91,42,2867,435.53,707.13,1,0,190,231.58,Buffet,Weekend,Lunch,183,49.9
1001922,6,52,2139,436.53,437.53,0,0,41,43.18,Dine-in,Weekend,Lunch,37,2.18
1001923,7,86,1062,161.99,185.33,0,0,567,598.15,Dine-in,Weekend,Dinner,619,31.15
1001924,76,106,2490,145.5,244.5,1,1,1216,1396.92,Buffet,Weekend,Lunch,1203,217.1
1001925,104,177,2306,243.5,349.23,1,0,82,98.13,Buffet,Weekend,Dinner,75,19.36
1001926,117,11,1558,697.43,698.43,0,0,82,87.3,Dine-in,Weekday,Dinner,79,5.3
1001927,71,94,1754,191.12,292.03,1,0,865,1024.31,Buffet,Weekday,Lunch,829,191.17
1001928,140,20,2539,150.35,151.35,0,0,283,309.63,Dine-in,Weekend,Dinner,292,26.63
1001929,45,65,2539,91.18,93.18,0,0,176,204.61,Delivery,Weekday,Breakfast,192,22.89
1001930,124,67,1993,150.35,151.35,0,0,999,1104.24,Buffet,Weekday,Lunch,925,126.29
1001931,61,162,2539,99.91,121.25,0,0,82,98.56,Buffet,Weekday,Dinner,86,19.87
1001932,94,132,1109,309.43,311.43,0,0,541,614.99,Buffet,Weekday,Lunch,552,88.79
1001934,144,93,2704,319.13,320.13,0,0,54,63.15,Dine-in,Weekday,Dinner,55,9.15
1001935,10,41,2707,231.83,231.83,0,0,53,57.0,Dine-in,Weekday,Breakfast,49,4.0
1001937,27,55,1525,291.03,291.03,0,0,13,15.34,Delivery,Weekend,Lunch,12,1.87
1001938,99,43,2581,533.5,678.03,1,1,352,427.25,Buffet,Weekday,Lunch,382,90.3
1001939,36,52,1847,258.08,258.08,0,0,67,79.39,Dine-in,Weekday,Lunch,61,12.39
1001940,62,104,2492,389.03,388.03,0,0,14,17.07,Delivery,Weekend,Lunch,13,2.46
1001941,109,186,2104,583.03,581.03,0,0,13,14.85,Delivery,Weekday,Dinner,13,1.48
1001942,74,86,1438,233.83,232.83,0,0,96,105.86,Dine-in,Weekday,Dinner,97,9.86
1001943,83,11,1902,436.53,437.53,0,0,14,15.52,Dine-in,Weekend,Dinner,14,1.52
1001944,124,73,2640,248.38,280.33,0,1,217,240.45,Buffet,Weekday,Dinner,206,28.14
1001945,88,186,1754,290.03,291.03,0,0,364,433.07,Dine-in,Weekday,Dinner,391,69.07
1001946,50,10,1062,180.45,179.45,0,0,404,460.18,Dine-in,Weekday,Breakfast,409,56.18
1001948,55,106,2704,292.03,290.03,0,0,135,149.46,Dine-in,Weekend,Lunch,125,14.46
1001949,30,113,1993,121.31,120.31,0,0,204,252.57,Dine-in,Weekday,Lunch,185,48.57
1001950,30,66,1109,244.5,305.58,1,1,1121,1337.3,Dine-in,Weekday,Breakfast,1058,216.3
1001952,83,129,2539,120.28,121.28,0,0,150,165.58,Buffet,Weekend,Lunch,154,18.7
1001954,98,89,2290,277.42,277.42,0,0,647,739.93,Buffet,Weekend,Dinner,684,111.52
1001955,18,68,1971,290.06,291.06,0,0,243,285.32,Dine-in,Weekday,Dinner,235,42.32
1001957,82,23,2640,291.03,291.03,0,0,68,76.49,Dine-in,Weekday,Breakfast,64,8.49
1001958,135,26,1216,414.25,414.25,0,0,69,78.56,Buffet,Weekday,Dinner,69,11.47
1001961,135,109,2826,377.33,377.33,0,0,445,471.25,Buffet,Weekday,Lunch,430,31.5
1001962,41,152,1230,265.81,324.98,0,0,81,89.55,Buffet,Weekend,Dinner,81,10.26
1001963,86,72,2322,405.46,406.46,0,0,95,112.33,Dine-in,Weekday,Dinner,95,17.33
1001964,132,13,1438,196.0,194.0,0,0,215,230.12,Dine-in,Weekend,Lunch,202,15.12
1001966,84,66,2581,484.03,640.23,1,1,501,602.41,Buffet,Weekend,Dinner,471,121.69
1001967,81,73,1962,641.23,641.23,0,0,175,196.45,Buffet,Weekday,Lunch,191,25.74
1001968,121,59,2704,241.53,292.03,0,1,204,246.42,Buffet,Weekday,Lunch,214,50.9
1001969,60,65,1971,243.5,289.06,0,1,3605,4044.14,Dine-in,Weekday,Lunch,3478,439.14
1001970,30,65,1878,282.33,281.33,0,0,420,485.0,Buffet,Weekday,Lunch,383,78.0
1001971,46,17,1971,244.5,312.4,1,1,622,718.94,Delivery,Weekday,Lunch,639,77.55
1001972,71,72,1885,147.5,145.56,0,1,742,901.58,Dine-in,Weekday,Breakfast,717,159.58
1001973,34,83,1885,121.31,120.31,0,0,472,501.8,Buffet,Weekend,Dinner,488,35.76
1001974,14,50,1770,484.03,485.03,0,0,15,16.03,Buffet,Weekend,Lunch,15,1.24
1001975,78,110,1248,96.09,153.26,0,0,122,135.6,Dine-in,Weekday,Lunch,120,13.6
1001976,40,50,1109,292.94,292.94,0,0,323,373.76,Dine-in,Weekday,Dinner,292,50.76
1001977,86,161,2569,310.43,311.43,0,0,134,142.7,Dine-in,Weekday,Breakfast,130,8.7
1001978,42,99,2631,154.26,155.26,0,0,53,63.16,Delivery,Weekend,Lunch,53,8.13
1001979,32,89,1207,387.06,386.06,0,0,310,357.82,Dine-in,Weekday,Lunch,285,47.82
1001980,130,93,2444,767.33,766.33,0,0,68,84.19,Delivery,Weekday,Lunch,72,12.95
1001981,103,23,1770,486.03,485.03,0,0,13,15.41,Dine-in,Weekday,Dinner,13,2.41
1001982,114,75,2492,447.23,446.23,0,0,40,44.76,Delivery,Weekday,Dinner,42,3.81
1001983,1,161,2539,115.43,116.43,0,0,55,64.06,Delivery,Weekday,Breakfast,52,7.25
1001985,76,152,1216,389.03,445.23,0,0,80,89.76,Dine-in,Weekend,Breakfast,73,9.76
1001986,57,43,1902,446.23,445.23,0,0,27,30.39,Dine-in,Weekday,Dinner,25,3.39
1001987,65,129,1571,631.53,630.53,0,0,41,48.82,Dine-in,Weekday,Lunch,37,7.82
1001988,139,86,1993,150.35,150.35,0,0,285,313.48,Delivery,Weekend,Breakfast,304,22.78
1001989,87,102,2306,270.69,350.23,0,0,53,56.64,Delivery,Weekday,Lunch,49,2.91
1001990,100,81,1558,639.23,639.23,0,0,14,15.01,Buffet,Weekday,Breakfast,14,1.21
1001991,43,34,2569,328.89,327.89,0,0,298,340.23,Dine-in,Weekday,Lunch,278,42.23
1001992,86,23,2490,194.03,329.83,0,0,540,636.79,Delivery,Weekday,Lunch,503,77.43
1001993,51,76,2539,121.28,145.53,0,0,297,331.22,Dine-in,Weekday,Breakfast,306,34.22
1001994,8,41,2581,610.13,610.13,0,0,27,28.95,Delivery,Weekday,Lunch,25,1.56
1001995,91,57,2640,282.33,280.33,0,0,134,152.95,Buffet,Weekend,Dinner,124,22.74
1001996,46,149,1525,265.78,290.03,0,1,26,29.76,Dine-in,Weekday,Lunch,23,3.76
1001997,120,34,2664,282.3,283.3,0,0,323,339.18,Dine-in,Weekday,Lunch,295,16.18
1001998,48,26,1109,235.71,320.13,0,0,339,422.72,Delivery,Weekend,Breakfast,308,66.98
1001999,85,34,1571,582.03,582.03,0,0,123,136.35,Dine-in,Weekday,Breakfast,130,13.35
1002000,19,50,2306,242.5,308.52,0,0,53,60.57,Buffet,Weekday,Dinner,51,9.08
1002001,30,80,1438,194.0,242.5,0,0,68,81.12,Dine-in,Weekday,Lunch,72,13.12
1002002,41,58,1207,314.34,312.34,0,0,188,233.67,Buffet,Weekend,Lunch,171,54.8
1002003,72,13,2760,242.53,242.53,0,0,527,567.07,Buffet,Weekday,Dinner,556,48.08
1002004,11,39,1558,581.03,582.03,0,0,123,145.97,Buffet,Weekday,Lunch,121,27.56
1002005,82,99,2704,242.53,292.03,0,0,176,219.74,Dine-in,Weekday,Lunch,166,43.74
1002007,72,75,1778,178.48,180.48,0,0,217,228.77,Delivery,Weekday,Dinner,198,9.42
1002008,30,65,1558,641.23,639.23,0,0,107,130.4,Dine-in,Weekday,Dinner,116,23.4
1002009,5,99,2290,162.02,309.49,1,1,12137,14017.72,Buffet,Weekday,Dinner,11817,2256.86
1002010,133,124,2490,290.03,292.03,0,0,269,285.98,Buffet,Weekend,Dinner,247,20.38
1002011,106,67,2126,436.53,532.53,0,1,149,164.67,Buffet,Weekday,Lunch,144,18.8
1002012,114,80,1754,324.04,322.04,0,0,648,807.93,Dine-in,Weekday,Dinner,701,159.93
1002013,138,102,2640,320.13,321.13,0,0,42,47.38,Buffet,Weekday,Lunch,38,6.46
1002014,118,74,1971,281.36,279.36,0,0,121,138.61,Delivery,Weekend,Dinner,122,14.09
1002015,47,94,2664,327.89,326.89,0,0,338,399.46,Buffet,Weekday,Dinner,362,73.75
1002016,114,59,2704,244.44,246.44,0,0,243,257.89,Delivery,Weekday,Breakfast,262,11.91
1002017,117,20,1803,176.57,177.57,0,0,270,304.95,Dine-in,Weekday,Lunch,288,34.95
1002019,42,132,2139,296.82,298.82,0,0,26,30.26,Delivery,Weekend,Dinner,27,3.41
1002020,103,73,2490,243.5,244.5,0,0,96,109.98,Buffet,Weekday,Dinner,102,16.78
1002021,60,23,2640,292.03,292.03,0,0,69,81.39,Buffet,Weekday,Lunch,69,14.87
1002022,44,64,1885,119.37,118.37,0,0,324,347.41,Buffet,Weekday,Breakfast,335,28.09
1002023,76,39,1247,446.23,446.23,0,0,14,16.94,Dine-in,Weekend,Dinner,14,2.94
1002024,20,94,2707,221.19,220.19,0,0,163,192.05,Buffet,Weekend,Dinner,151,34.86
1002025,43,17,1902,445.23,447.23,0,0,26,27.49,Dine-in,Weekday,Lunch,28,1.49
1002026,120,39,2664,281.3,282.3,0,0,540,603.08,Buffet,Weekday,Breakfast,539,75.7
1002027,62,110,1216,436.53,436.53,0,0,28,30.45,Buffet,Weekend,Lunch,30,2.94
1002029,115,58,1543,474.39,474.39,0,0,68,82.91,Dine-in,Weekday,Lunch,61,14.91
1002030,36,77,1109,254.17,304.58,0,0,149,158.07,Dine-in,Weekday,Breakfast,141,9.07
1002031,43,59,1754,310.43,309.43,0,0,188,232.29,Buffet,Weekday,Lunch,177,53.15
1002032,76,24,2826,246.38,290.03,0,0,838,991.6,Buffet,Weekend,Lunch,866,184.32
1002033,85,93,1109,279.36,320.13,0,0,215,260.05,Dine-in,Weekday,Dinner,222,45.05
1002034,41,177,1778,175.6,174.6,0,0,109,131.97,Buffet,Weekend,Dinner,103,27.56
1002035,60,77,2290,270.63,272.63,0,0,418,451.79,Buffet,Weekday,Lunch,443,40.55
1002036,117,186,2760,241.53,242.53,0,0,55,68.3,Delivery,Weekday,Lunch,58,10.64
1002037,97,29,2539,121.28,121.28,0,0,67,74.73,Buffet,Weekend,Dinner,70,9.28
1002039,1,66,1543,286.21,504.43,1,1,1054,1279.97,Buffet,Weekday,Lunch,1031,271.16
1002040,98,139,1727,404.55,402.55,0,0,121,130.66,Buffet,Weekend,Lunch,120,11.59
1002041,41,27,1311,168.84,197.94,0,0,311,344.79,Buffet,Weekend,Lunch,300,40.55
1002042,34,152,2581,641.23,640.23,0,0,82,96.85,Buffet,Weekend,Breakfast,86,17.82
1002045,9,76,2581,573.3,573.3,0,0,283,305.85,Dine-in,Weekday,Dinner,288,22.85
1002046,4,80,1878,242.5,282.33,0,0,95,105.67,Dine-in,Weekday,Breakfast,86,10.67
1002047,1,129,1558,583.03,610.13,1,1,123,138.73,Dine-in,Weekday,Dinner,116,15.73
1002048,63,81,2867,630.53,629.53,0,0,41,47.15,Delivery,Weekend,Dinner,40,4.92
1002049,111,57,2640,281.33,280.33,0,0,109,128.31,Buffet,Weekend,Lunch,118,23.17
1002050,96,104,2290,305.58,306.58,0,0,917,1094.21,Dine-in,Weekday,Lunch,993,177.21
1002051,129,174,2494,195.0,194.0,0,0,149,180.93,Dine-in,Weekday,Dinner,150,31.93
1002052,9,34,1525,280.33,280.33,0,0,68,75.71,Buffet,Weekday,Dinner,63,9.25
1002053,124,157,2664,283.3,282.3,0,0,283,345.15,Delivery,Weekday,Dinner,256,49.72
1002054,34,13,1445,485.03,619.86,0,1,512,579.96,Dine-in,Weekend,Dinner,546,67.96
1002055,5,73,1754,252.23,280.33,0,0,526,576.81,Buffet,Weekday,Breakfast,556,60.97
1002056,137,27,2539,153.29,154.29,0,0,217,230.01,Buffet,Weekday,Lunch,231,15.61
1002057,61,39,1754,278.45,277.45,0,0,702,849.07,Dine-in,Weekday,Lunch,702,147.07
1002058,145,59,1770,484.03,484.03,0,0,27,32.58,Buffet,Weekday,Dinner,27,6.7
1002059,45,17,1558,486.03,680.03,1,1,284,331.85,Buffet,Weekday,Dinner,295,57.42
1002060,133,186,2826,325.92,327.92,0,0,283,336.18,Buffet,Weekend,Breakfast,311,63.82
1002061,41,161,1062,165.9,165.9,0,0,42,44.11,Delivery,Weekend,Dinner,38,1.69
1002062,121,99,2322,323.04,387.06,1,0,743,871.43,Dine-in,Weekday,Breakfast,770,128.43
1002063,25,108,1543,484.03,484.03,0,0,26,30.86,Buffet,Weekday,Dinner,24,5.83
1002065,63,41,1558,447.2,680.03,1,0,242,286.64,Delivery,Weekend,Breakfast,233,35.71
1002066,97,67,1754,263.84,309.43,0,0,215,254.04,Delivery,Weekend,Dinner,223,31.23
1002067,4,26,1962,611.13,610.13,0,0,53,59.45,Buffet,Weekday,Lunch,49,7.74
1002068,109,30,1558,486.03,678.03,1,1,797,847.72,Dine-in,Weekday,Breakfast,798,50.72
1002069,2,29,2306,244.5,293.0,0,1,69,84.31,Buffet,Weekday,Lunch,67,18.37
1002070,10,11,2760,242.53,243.53,0,0,189,198.57,Buffet,Weekday,Lunch,201,11.48
1002071,62,86,2577,292.03,291.03,0,0,41,50.75,Dine-in,Weekend,Lunch,42,9.75
1002072,45,68,1216,427.83,426.83,0,0,28,34.18,Delivery,Weekday,Breakfast,27,4.94
1002073,34,91,1971,324.04,323.04,0,0,15,17.08,Buffet,Weekend,Dinner,16,2.5
1002074,54,113,2760,196.0,196.0,0,0,15,18.23,Dine-in,Weekday,Dinner,16,3.23
1002075,45,109,1727,447.23,446.23,0,0,487,538.79,Dine-in,Weekday,Dinner,529,51.79
1002076,29,50,1230,325.98,324.98,0,0,202,240.2,Delivery,Weekday,Dinner,199,30.56
1002077,37,113,2581,434.59,641.23,1,0,526,600.36,Delivery,Weekday,Lunch,478,59.49
1002078,66,43,1198,199.82,200.82,0,0,433,486.06,Dine-in,Weekday,Breakfast,461,53.06
1002079,98,106,2631,154.26,154.26,0,0,68,75.09,Buffet,Weekend,Dinner,67,8.51
1002080,35,77,1878,280.33,280.33,0,0,53,60.45,Dine-in,Weekend,Dinner,51,7.45
1002081,98,59,1571,582.03,582.03,0,0,96,108.68,Buffet,Weekend,Breakfast,91,15.22
1002082,43,132,1754,311.43,310.43,0,0,256,279.37,Buffet,Weekday,Dinner,256,28.04
1002083,63,24,1902,445.23,447.23,0,0,67,80.62,Buffet,Weekend,Dinner,67,16.34
1002084,95,58,2322,321.07,323.07,0,0,217,247.09,Dine-in,Weekday,Lunch,212,30.09
1002085,23,41,1207,389.0,388.0,0,0,82,91.64,Buffet,Weekday,Breakfast,86,11.57
1002086,85,161,2664,299.79,298.79,0,0,351,417.96,Dine-in,Weekday,Dinner,331,66.96
1002087,79,153,1438,231.83,233.83,0,0,15,18.35,Dine-in,Weekday,Dinner,14,3.35
1002088,89,126,1445,670.33,670.33,0,0,41,50.08,Dine-in,Weekday,Dinner,42,9.08
1002089,46,29,2664,327.89,328.89,0,0,217,265.67,Delivery,Weekday,Lunch,237,38.94
1002090,6,109,2581,612.13,610.13,0,0,135,145.23,Dine-in,Weekend,Breakfast,127,10.23
1002091,104,143,2290,260.93,260.93,0,0,985,1110.52,Dine-in,Weekend,Breakfast,1053,125.52
1002092,68,74,1993,96.06,122.28,0,0,258,288.02,Dine-in,Weekday,Breakfast,272,30.02
1002093,136,124,2306,335.62,336.62,0,0,15,16.8,Buffet,Weekday,Lunch,16,2.16
1002094,42,153,2139,297.82,298.82,0,0,26,28.26,Dine-in,Weekend,Lunch,28,2.26
1002095,79,91,2304,486.03,486.03,0,0,14,16.69,Dine-in,Weekday,Dinner,14,2.69
1002096,129,157,1558,513.19,660.63,0,0,80,95.73,Dine-in,Weekday,Dinner,80,15.73
1002097,47,77,1248,115.46,147.5,0,0,81,87.1,Delivery,Weekday,Lunch,82,4.88
1002098,123,64,2139,280.33,282.33,0,0,42,45.7,Buffet,Weekday,Dinner,45,4.44
1002099,50,68,1754,245.44,262.9,0,1,690,744.34,Buffet,Weekday,Breakfast,640,65.21
1002100,14,145,1230,321.07,323.07,0,0,177,192.39,Buffet,Weekend,Breakfast,166,18.47
1002101,142,67,1803,169.75,220.25,0,0,541,595.11,Dine-in,Weekday,Lunch,590,54.11
1002102,109,58,1727,427.83,425.83,0,0,323,383.34,Buffet,Weekday,Lunch,316,72.41
1002103,33,93,2139,296.82,454.93,0,0,68,78.35,Buffet,Weekday,Dinner,68,12.42
1002104,33,110,1962,639.23,640.23,0,0,109,120.81,Buffet,Weekday,Dinner,114,14.17
1002105,101,83,1878,281.33,282.33,0,0,310,347.81,Dine-in,Weekday,Lunch,304,37.81
1002106,23,27,1207,388.0,388.0,0,0,67,74.53,Dine-in,Weekday,Dinner,61,7.53
1002107,54,101,2322,287.12,463.69,0,1,1403,1698.72,Dine-in,Weekday,Lunch,1441,295.72
1002108,2,11,1558,581.03,612.13,1,0,216,231.5,Buffet,Weekday,Breakfast,226,18.6
1002109,10,20,1558,583.03,582.03,0,0,42,51.11,Dine-in,Weekday,Dinner,42,9.11
1002110,119,36,1311,155.23,156.23,0,0,298,369.22,Dine-in,Weekend,Lunch,293,71.22
1002111,39,129,1248,153.26,154.26,0,0,41,45.94,Dine-in,Weekday,Lunch,37,4.94
1002112,18,132,1885,145.56,135.86,0,1,1526,1829.74,Buffet,Weekday,Lunch,1678,364.49
1002113,94,36,2704,290.03,292.03,0,0,242,296.4,Buffet,Weekday,Dinner,231,65.28
1002114,78,64,1445,515.13,630.53,0,0,42,44.12,Dine-in,Weekday,Breakfast,38,2.12
1002115,25,186,2290,309.43,309.43,0,0,352,404.24,Dine-in,Weekday,Lunch,381,52.24
1002116,63,153,1247,445.23,447.23,0,0,26,27.56,Dine-in,Weekend,Lunch,23,1.56
1002117,82,146,2444,645.05,645.05,0,0,69,75.64,Delivery,Weekday,Lunch,67,5.31
1002118,130,137,2490,292.03,290.03,0,0,433,523.49,Delivery,Weekday,Dinner,455,72.39
1002119,1,43,2139,339.5,435.53,0,0,55,64.27,Buffet,Weekday,Lunch,59,11.12
1002120,89,97,1971,321.07,323.07,0,0,337,411.92,Buffet,Weekday,Breakfast,358,89.9
1002121,14,29,1885,114.52,113.52,0,0,190,209.02,Dine-in,Weekend,Dinner,175,19.02
1002122,38,143,1109,290.06,291.06,0,0,270,328.51,Dine-in,Weekday,Dinner,269,58.51
1002123,126,66,2139,277.48,275.48,0,0,55,65.22,Buffet,Weekend,Dinner,59,12.26
1002124,51,23,1770,484.03,486.03,0,0,28,33.13,Dine-in,Weekday,Breakfast,26,5.13
1002125,95,162,1727,402.55,403.55,0,0,445,490.2,Delivery,Weekday,Dinner,430,36.16
1002126,103,139,1754,292.03,290.03,0,0,310,372.02,Buffet,Weekday,Lunch,331,74.42
1002127,141,74,2826,325.92,327.92,0,0,163,202.7,Dine-in,Weekday,Lunch,156,39.7
1002129,142,77,2490,277.45,276.45,0,0,204,254.14,Delivery,Weekday,Dinner,209,40.11
1002130,19,152,1878,241.53,241.53,0,0,256,290.76,Delivery,Weekday,Lunch,248,27.81
1002131,17,67,1525,291.03,291.03,0,0,420,488.44,Buffet,Weekday,Lunch,409,82.13
1002132,142,186,2704,319.13,319.13,0,0,53,59.78,Buffet,Weekday,Lunch,50,8.14
1002133,90,26,1525,291.03,290.03,0,0,13,15.69,Dine-in,Weekend,Breakfast,12,2.69
1002134,46,157,2569,326.89,326.89,0,0,177,211.01,Dine-in,Weekday,Dinner,170,34.01
1002135,127,67,2322,384.12,514.13,0,0,283,344.87,Dine-in,Weekday,Dinner,255,61.87
1002136,52,149,2126,436.5,552.93,1,0,27,30.58,Buffet,Weekday,Breakfast,28,4.3
1002137,110,55,2290,293.94,292.94,0,0,419,479.67,Dine-in,Weekday,Lunch,391,60.67
1002138,73,53,1247,446.23,446.23,0,0,40,43.55,Buffet,Weekday,Dinner,41,4.26
1002139,7,27,1247,445.23,447.23,0,0,68,79.66,Dine-in,Weekend,Dinner,71,11.66
1002140,34,10,1770,486.03,486.03,0,0,26,32.06,Buffet,Weekend,Dinner,23,7.27
1002141,11,41,1727,447.23,447.23,0,0,136,165.2,Dine-in,Weekday,Dinner,148,29.2
1002142,44,23,2492,387.03,387.03,0,0,26,29.02,Dine-in,Weekday,Dinner,26,3.02
1002143,115,80,1438,243.5,243.5,0,1,108,123.94,Dine-in,Weekday,Dinner,105,15.94
1002144,140,113,2104,484.03,630.53,0,0,28,34.62,Dine-in,Weekend,Dinner,30,6.62
1002145,55,139,1962,505.43,640.23,1,1,217,235.13,Delivery,Weekend,Lunch,205,14.5
1002146,63,80,1216,408.43,408.43,0,0,14,15.94,Buffet,Weekend,Breakfast,14,2.33
1002147,84,101,2539,144.53,144.53,0,0,351,369.82,Dine-in,Weekend,Dinner,370,18.82
1002148,13,11,1062,181.42,181.42,0,0,649,719.69,Dine-in,Weekend,Breakfast,665,70.69
1002149,117,97,1230,320.13,320.13,0,0,189,211.75,Dine-in,Weekday,Dinner,200,22.75
1002150,125,99,1558,640.23,640.23,0,0,41,46.13,Dine-in,Weekend,Lunch,37,5.13
1002151,48,145,1230,321.13,321.13,0,0,296,355.76,Buffet,Weekend,Lunch,320,71.71
1002152,139,20,2704,260.93,320.13,0,1,203,235.25,Delivery,Weekend,Lunch,214,25.8
1002153,144,83,1971,327.86,328.86,0,0,204,237.6,Buffet,Weekday,Lunch,194,40.32
1002154,63,14,1770,484.03,485.03,0,0,41,48.83,Delivery,Weekend,Lunch,43,6.26
1002155,54,89,2306,243.5,340.53,0,0,109,128.55,Buffet,Weekday,Dinner,105,23.46
1002156,59,77,1109,168.84,310.43,0,0,175,188.82,Dine-in,Weekday,Lunch,189,13.82
1002157,129,36,1847,194.0,244.5,0,1,121,130.48,Dine-in,Weekday,Dinner,122,9.48
1002158,137,34,1778,151.32,152.32,0,0,108,113.97,Buffet,Weekday,Dinner,113,7.16
1002159,94,97,2577,282.33,280.33,0,0,68,84.25,Buffet,Weekday,Lunch,66,19.5
1002160,94,157,1543,522.83,601.43,0,0,27,29.66,Dine-in,Weekday,Breakfast,27,2.66
1002161,12,27,1525,243.53,292.03,0,1,311,353.95,Delivery,Weekday,Breakfast,286,34.36
1002162,44,126,1230,480.21,479.21,0,0,41,45.86,Dine-in,Weekday,Dinner,38,4.86
1002163,58,99,1109,87.3,319.19,0,0,877,982.08,Buffet,Weekday,Lunch,798,126.1
1002164,10,52,2631,251.23,251.23,0,0,26,28.83,Dine-in,Weekday,Dinner,24,2.83
1002165,25,89,2492,388.03,388.03,0,0,28,34.7,Dine-in,Weekday,Dinner,25,6.7
1002166,44,102,2322,302.7,302.7,0,0,190,202.99,Dine-in,Weekday,Lunch,172,12.99
1002167,42,57,2139,296.82,297.82,0,0,42,45.38,Dine-in,Weekend,Breakfast,45,3.38
1002168,34,80,2444,485.03,618.86,0,1,258,272.05,Dine-in,Weekend,Lunch,277,14.05
1002170,64,113,1445,630.53,631.53,0,0,28,30.77,Delivery,Weekday,Dinner,27,2.22
1002171,10,32,1558,584.94,585.94,0,0,204,252.91,Dine-in,Weekday,Lunch,186,48.91
1002172,9,36,1971,312.4,311.4,0,0,256,291.15,Buffet,Weekday,Lunch,275,42.18
1002173,11,23,2492,388.03,387.03,0,0,14,15.31,Buffet,Weekday,Dinner,14,1.57
1002174,10,88,1207,324.98,324.98,0,0,13,16.12,Dine-in,Weekday,Lunch,13,3.12
1002175,2,52,2126,485.0,533.53,0,1,134,158.02,Dine-in,Weekday,Breakfast,138,24.02
1002176,93,157,1207,302.67,301.67,0,0,53,57.62,Buffet,Weekday,Lunch,52,5.54
1002177,89,72,1311,130.04,177.51,0,0,68,72.75,Dine-in,Weekday,Dinner,74,4.75
1002178,24,50,2444,604.31,606.31,0,0,109,119.34,Dine-in,Weekday,Dinner,99,10.34
1002179,43,88,1971,291.06,291.06,0,0,366,434.6,Dine-in,Weekday,Dinner,374,68.6
1002180,107,58,1543,473.39,473.39,0,1,42,45.47,Dine-in,Weekday,Dinner,41,3.47
1002181,105,177,2322,284.27,284.27,0,0,485,529.89,Delivery,Weekend,Breakfast,496,35.91
